cell	Node 0	Node 1	Node 2	Node 3	Node 4
Cell_0	0.565657	0.000365837	1.74376e-27	0.376817	0.0571604
Cell_1	1.93608e-12	1	1.79466e-44	3.06053e-14	1.95644e-13
Cell_2	1.06105e-14	1	1.23289e-14	1.71418e-16	1.0722e-15
Cell_3	3.93322e-11	1	2.53524e-37	6.22999e-13	3.97457e-12
Cell_4	0.00245802	1.90644e-06	8.3049e-25	0.997292	0.000248386
Cell_5	0.565571	0.000517898	8.26603e-20	0.37676	0.0571517
Cell_6	0.892999	0.000977854	1.26362e-17	0.0157846	0.0902387
Cell_7	3.70718e-20	3.51333e-23	1	6.36287e-22	2.0197e-22
Cell_8	2.84336e-10	1	3.30387e-10	4.82484e-12	3.58336e-07
Cell_9	0.265071	0.421428	0.308002	0.00421474	0.00128394
Cell_10	0.00225345	1.63354e-06	3.64837e-27	0.997517	0.000227714
Cell_11	1.04805e-17	1.03676e-20	1	1.65533e-19	1.05907e-18
Cell_12	0.258395	0.410814	0.300245	0.00443499	0.0261112
Cell_13	0.000143992	1.34369e-07	0.000167313	0.999674	1.45506e-05
Cell_14	3.57055e-13	1	1.0205e-44	5.72002e-15	1.82173e-15
Cell_15	0.4325	0.0142346	0.502548	0.0070124	0.0437047
Cell_16	2.95957e-14	9.09206e-16	1	4.65899e-16	2.99069e-15
Cell_17	3.24749e-19	3.66257e-22	1	5.32491e-21	3.28164e-20
Cell_18	2.58607e-05	2.58518e-08	3.50027e-23	0.999974	1.04879e-07
Cell_19	2.12497e-05	6.99377e-07	2.46913e-05	0.999951	2.14731e-06
Cell_20	0.43239	0.014231	0.50242	0.00726614	0.0436935
Cell_21	2.16873e-05	0.999953	2.51998e-05	3.42535e-07	1.18154e-07
Cell_22	0.226117	0.359496	0.26274	0.15063	0.00101658
Cell_23	2.95957e-14	9.6235e-16	1	4.6829e-16	1.43354e-16
Cell_24	0.565656	0.000361347	5.21723e-06	0.376817	0.0571603
Cell_25	1.30252e-20	1.69992e-23	1	2.07107e-22	5.85591e-23
Cell_26	0.337483	0.011455	0.392142	0.224817	0.0341031
Cell_27	0.432669	0.0133388	0.502744	0.00752678	0.0437217
Cell_28	1.27926e-08	1	1.81019e-25	2.02415e-10	1.29271e-09
Cell_29	6.13237e-19	1	2.12384e-48	9.68562e-21	6.19684e-20
Cell_30	0.458043	0.00031207	0.532228	0.00719757	0.00221865
Cell_31	0.978971	0.000644748	1.3354e-26	0.0153894	0.00499482
Cell_32	6.15006e-13	9.77777e-13	1	9.81147e-15	6.21472e-14
Cell_33	3.6236e-16	1	4.94291e-42	5.7043e-18	3.6617e-17
Cell_34	6.34187e-21	1	4.62926e-48	9.96179e-23	6.40855e-22
Cell_35	0.00137147	4.45955e-05	0.0015936	0.996984	6.64307e-06
Cell_36	4.66289e-08	1	1.37923e-38	7.32444e-10	4.71191e-09
Cell_37	3.70718e-20	3.16592e-23	1	5.85523e-22	3.74616e-21
Cell_38	3.44613e-11	1	4.06475e-14	5.41318e-13	1.37592e-13
Cell_39	0.598471	0.000549611	5.36144e-24	0.398677	0.00230279
Cell_40	2.95957e-14	1.57172e-15	1	5.79515e-16	2.99069e-15
Cell_41	1.92467e-21	1.34566e-24	1	3.26595e-23	1.04858e-23
Cell_42	1.00249e-18	9.96086e-22	1	1.57591e-20	4.00257e-21
Cell_43	0.432163	0.0142235	0.502157	0.00778549	0.0436707
Cell_44	1.75297e-14	1	2.03688e-14	2.79168e-16	1.7714e-15
Cell_45	0.25818	0.410472	0.299995	0.00526353	0.0260894
Cell_46	2.36167e-08	2.00842e-11	4.15325e-28	1	1.09756e-10
Cell_47	0.894905	0.000595759	8.16281e-29	0.0140679	0.0904313
Cell_48	0.433154	0.0129592	0.503307	0.00680917	0.0437707
Cell_49	0.893839	0.000600143	1.61398e-28	0.015237	0.0903236
Cell_50	4.68909e-21	4.63162e-24	1	8.64199e-23	4.73839e-22
Cell_51	2.3164e-07	1.54886e-10	1.46979e-32	1	1.04141e-09
Cell_52	6.15006e-13	1.85201e-14	1	9.66405e-15	2.76496e-15
Cell_53	1.81652e-18	1.55485e-21	1	2.86681e-20	1.25288e-20
Cell_54	0.42969	0.020131	0.499283	0.00747497	0.0434208
Cell_55	1.74511e-11	1	2.43605e-36	2.84408e-13	7.47452e-14
Cell_56	2.95957e-14	9.36646e-16	1	5.04511e-16	2.99069e-15
Cell_57	0.221286	0.351815	0.257126	0.147412	0.0223613
Cell_58	0.598209	0.000508104	1.05202e-20	0.398502	0.00278011
Cell_59	1.0825e-19	1.04176e-22	1	1.71461e-21	1.09388e-20
Cell_60	5.16294e-11	1	5.99913e-11	8.40528e-13	5.21722e-12
Cell_61	0.451863	0.0136073	0.525047	0.00712146	0.00236134
Cell_62	1.33738e-28	8.65726e-32	1	2.10913e-30	8.58313e-31
Cell_63	0.894888	0.000586896	1.22071e-26	0.0140952	0.0904297
Cell_64	2.95957e-14	9.43926e-16	1	4.84078e-16	1.26762e-16
Cell_65	1.12179e-07	9.02959e-11	3.79021e-29	1	1.13359e-08
Cell_66	0.000329111	0.99945	1.02485e-28	0.00021924	1.40963e-06
Cell_67	0.337716	0.0107711	0.392413	0.224973	0.0341267
Cell_68	0.000123923	0.593859	4.18699e-26	1.95306e-06	0.406015
Cell_69	0.976439	0.000885914	1.4271e-19	0.0164087	0.00626665
Cell_70	1.64933e-11	5.21981e-13	1	3.3625e-13	8.41508e-14
Cell_71	9.44986e-09	1	3.19283e-30	1.49524e-10	5.14835e-11
Cell_72	8.8979e-12	1	4.45364e-31	1.50682e-13	8.99145e-13
Cell_73	3.7852e-09	1	4.39825e-09	6.2245e-11	1.53511e-11
Cell_74	0.258459	0.410914	0.300319	0.00419055	0.0261176
Cell_75	0.891724	0.000977569	1.26182e-17	0.0171884	0.0901099
Cell_76	0.451061	0.0146669	0.524115	0.00797292	0.00218482
Cell_77	8.94816e-15	1	1.57363e-34	1.43035e-16	9.04223e-16
Cell_78	0.565566	0.000525229	7.655e-19	0.376757	0.0571512
Cell_79	0.432595	0.0142377	0.502658	0.00679518	0.0437143
Cell_80	7.99064e-11	1	1.91568e-39	1.29557e-12	8.07465e-12
Cell_81	1.31067e-13	4.02648e-15	1	2.08107e-15	6.34855e-16
Cell_82	0.000340594	0.999619	1.06061e-28	6.13586e-06	3.44175e-05
Cell_83	0.000143992	4.36044e-06	0.000167313	0.99967	1.45505e-05
Cell_84	0.432736	0.0130642	0.502822	0.00764902	0.0437286
Cell_85	5.87619e-05	3.96927e-08	3.72853e-30	0.999935	5.93797e-06
Cell_86	0.976446	0.000828112	1.71719e-20	0.0179959	0.00472966
Cell_87	3.66419e-05	0.999917	4.25765e-05	5.78278e-07	3.70272e-06
Cell_88	0.565546	0.000560959	3.75082e-17	0.376744	0.0571492
Cell_89	1.98617e-05	0.99998	2.8105e-22	3.1236e-07	1.08208e-07
Cell_90	0.97961	0.000724224	7.15068e-28	0.0156934	0.00397286
Cell_91	0.894623	0.000882905	1.21088e-18	0.014091	0.0904029
Cell_92	0.451611	0.0139782	0.524754	0.00735225	0.00230417
Cell_93	4.55863e-06	0.999987	5.29695e-06	3.03677e-06	2.20809e-08
Cell_94	4.83868e-09	1	2.25182e-37	7.60641e-11	2.34374e-11
Cell_95	4.22484e-18	1	2.67474e-38	2.81441e-18	2.30172e-20
Cell_96	0.432754	0.0138022	0.502843	0.00687122	0.0437303
Cell_97	0.000276717	2.39923e-07	1.75189e-24	0.000184337	0.999539
Cell_98	8.40394e-11	1	4.45684e-33	1.35771e-12	3.67855e-13
Cell_99	1.31067e-13	2.08379e-13	1	2.12507e-15	1.32445e-14
Cell_100	3.20081e-06	0.999993	3.71921e-06	5.09744e-08	1.43902e-08
Cell_101	4.3958e-08	1	5.94976e-26	7.9191e-10	4.44201e-09
Cell_102	0.597995	0.000387295	1.84345e-27	0.39836	0.00325792
Cell_103	9.80455e-07	0.999998	1.13925e-06	1.70562e-08	4.55656e-09
Cell_104	0.894823	0.000687002	3.02334e-22	0.0140666	0.0904231
Cell_105	5.04925e-07	0.999999	5.86703e-07	8.41472e-09	5.10233e-08
Cell_106	0.43	0.0176955	0.499643	0.00920918	0.0434521
Cell_107	7.04661e-15	2.2022e-16	1	1.60314e-16	7.12069e-16
Cell_108	0.000499486	0.0700039	1.68761e-25	8.32113e-06	0.929488
Cell_109	0.00693282	0.992258	1.01326e-21	0.000108941	0.000700571
Cell_110	5.82993e-26	1	1.07816e-55	9.16464e-28	2.69071e-22
Cell_111	4.68909e-21	3.86519e-24	1	7.41948e-23	2.05249e-23
Cell_112	0.000122689	0.99972	0.00014256	1.9304e-06	1.23979e-05
Cell_113	0.598317	0.000545795	8.74463e-20	0.398574	0.00256267
Cell_114	2.80876e-05	0.999971	4.10511e-24	4.42958e-07	1.80262e-07
Cell_115	3.70093e-05	0.999916	4.30034e-05	6.35213e-07	3.73984e-06
Cell_116	1.52309e-08	1	1.76977e-08	2.43999e-10	1.5391e-09
Cell_117	1.19914e-24	8.37315e-28	1	1.93727e-26	4.86316e-27
Cell_118	3.92791e-23	2.77585e-26	1	6.19047e-25	3.9692e-24
Cell_119	0.337545	0.0112742	0.392214	0.224858	0.0341093
Cell_120	2.95957e-14	1.00455e-15	1	4.79855e-16	2.99069e-15
Cell_121	0.565514	0.000618383	9.59423e-17	0.376722	0.0571459
Cell_122	6.16298e-11	1	4.49868e-38	9.69237e-13	2.49943e-13
Cell_123	0.000473619	1.67825e-05	0.000550327	0.998957	2.12931e-06
Cell_124	1.36973e-30	8.46263e-34	1	2.28189e-32	6.98852e-33
Cell_125	0.336383	0.0146779	0.390863	0.224084	0.0339919
Cell_126	4.6074e-16	1.40363e-17	1	7.35039e-18	4.65584e-17
Cell_127	0.258492	0.410968	0.300358	0.00406039	0.026121
Cell_128	1.11278e-11	1	3.75974e-33	1.76461e-13	1.12448e-12
Cell_129	0.894843	0.00065945	4.7456e-23	0.014073	0.090425
Cell_130	1.64933e-11	5.06689e-13	1	4.04181e-13	1.66667e-12
Cell_131	8.36076e-11	2.75172e-12	9.71487e-11	1	8.44866e-12
Cell_132	3.87311e-10	1	4.50041e-10	6.1497e-12	1.87604e-12
Cell_133	4.72144e-22	1	4.37656e-54	7.42209e-24	4.77107e-23
Cell_134	8.92208e-13	1	5.66119e-38	1.40381e-14	9.01588e-14
Cell_135	0.258419	0.410852	0.300273	0.00434264	0.0261136
Cell_136	1.25656e-16	6.41863e-18	1	3.0793e-18	1.26977e-17
Cell_137	1.75395e-06	0.999998	3.08451e-26	2.77262e-08	9.55563e-09
Cell_138	0.951237	0.0295757	4.34752e-06	0.0152388	0.00394446
Cell_139	0.97704	0.000768761	3.30112e-22	0.0180069	0.00418479
Cell_140	1.08758e-06	6.77345e-10	1.26373e-06	0.999998	1.09902e-07
Cell_141	0.550003	0.000345591	0.0276833	0.366389	0.0555786
Cell_142	1.31067e-13	4.31372e-15	1	3.21189e-15	7.14061e-16
Cell_143	3.18973e-18	3.18399e-21	1	5.0798e-20	3.22327e-19
Cell_144	8.64587e-11	1	2.92118e-32	1.35913e-12	8.73676e-12
Cell_145	6.15006e-13	2.24076e-14	1	1.20425e-14	6.21472e-14
Cell_146	0.337927	0.0101551	0.392658	0.225113	0.0341479
Cell_147	0.000144018	1.03412e-07	2.33168e-28	0.999855	5.97196e-07
Cell_148	4.77405e-27	3.12021e-30	1	8.73651e-29	4.82424e-28
Cell_149	4.82087e-12	1	8.47801e-32	7.64477e-14	2.45966e-14
Cell_150	8.28726e-13	1	3.85672e-41	1.30276e-14	1.71968e-08
Cell_151	0.951736	0.028821	1.391e-19	0.0150202	0.00442309
Cell_152	1.26017e-13	1	2.9393e-34	2.03588e-15	1.27342e-14
Cell_153	8.06442e-08	1	9.37054e-08	1.36844e-09	3.74785e-10
Cell_154	0.45161	0.0141967	0.524753	0.00725273	0.00218748
Cell_155	0.432223	0.0146707	0.502226	0.00720312	0.0436767
Cell_156	0.565544	0.000564526	7.6547e-19	0.376742	0.057149
Cell_157	0.000101586	0.999769	0.000118038	1.60585e-06	1.02654e-05
Cell_158	0.894576	0.000943374	1.21082e-18	0.0140825	0.0903981
Cell_159	9.53997e-06	7.73907e-09	1.10851e-05	0.999978	9.64027e-07
Cell_160	0.427951	0.0200495	0.497262	0.011493	0.043245
Cell_161	1.36845e-10	1	1.85222e-28	2.16323e-12	6.35973e-13
Cell_162	1.39303e-06	5.07545e-08	1.24795e-29	0.999998	1.40767e-07
Cell_163	0.258279	0.410628	0.30011	0.00488359	0.0260994
Cell_164	2.95957e-14	9.43926e-16	1	5.60608e-16	1.22724e-16
Cell_165	0.584947	0.0221992	5.24028e-24	0.389667	0.00318683
Cell_166	4.19985e-12	1	2.10214e-31	6.60216e-14	2.0343e-14
Cell_167	0.979086	0.000741288	2.86191e-26	0.0154306	0.00474244
Cell_168	5.40644e-06	0.99999	9.24511e-28	3.60155e-06	5.46328e-07
Cell_169	4.75892e-07	0.998994	5.52967e-07	7.60703e-09	0.00100539
Cell_170	2.28856e-07	1	1.21369e-29	1.52454e-07	2.31262e-08
Cell_171	7.04661e-15	2.26764e-16	1	1.11296e-16	7.12069e-16
Cell_172	0.000168879	0.999615	0.000196231	2.65478e-06	1.70655e-05
Cell_173	1.65669e-09	1	5.59746e-31	2.60232e-11	7.25162e-12
Cell_174	7.24272e-15	1	3.37061e-43	1.22901e-16	7.31887e-16
Cell_175	1.00249e-18	1.0033e-21	1	1.65875e-20	1.01303e-19
Cell_176	1.30252e-20	1.14973e-23	1	2.05724e-22	5.57888e-23
Cell_177	6.31174e-05	1.88638e-06	7.334e-05	0.999855	6.3781e-06
Cell_178	1.00249e-18	9.30988e-22	1	1.59174e-20	4.06564e-21
Cell_179	0.979747	0.000698636	3.7012e-24	0.0154318	0.00412252
Cell_180	7.62635e-11	1	1.07915e-27	1.28158e-12	3.69401e-13
Cell_181	0.337645	0.010979	0.392331	0.224925	0.0341195
Cell_182	0.43291	0.0133994	0.503024	0.00691998	0.0437461
Cell_183	3.89655e-06	1.17807e-07	4.52764e-06	0.999991	3.93752e-07
Cell_184	0.258319	0.410692	0.300157	0.00472834	0.0261035
Cell_185	5.46758e-10	1	6.35312e-10	8.91078e-12	3.12142e-12
Cell_186	0.554274	0.0204819	8.97379e-25	0.369234	0.0560101
Cell_187	0.00207159	1.51913e-06	1.09862e-25	0.997718	0.000209337
Cell_188	4.98585e-19	1	6.80115e-45	7.83176e-21	2.04257e-21
Cell_189	8.23817e-11	3.51432e-12	1	1.29504e-12	8.32478e-12
Cell_190	1.79925e-08	1	2.09065e-08	3.13e-10	1.81816e-09
Cell_191	2.73546e-05	8.43317e-07	3.1785e-05	0.999937	2.76422e-06
Cell_192	7.51607e-05	0.998108	0.00181481	1.18203e-06	3.49301e-07
Cell_193	2.24852e-05	2.53853e-08	5.34811e-20	0.999975	2.27216e-06
Cell_194	3.18973e-18	3.19378e-21	1	5.01642e-20	3.22327e-19
Cell_195	2.74722e-13	1	8.46892e-40	4.31863e-15	1.13918e-15
Cell_196	0.565513	0.000618649	1.09181e-06	0.376721	0.0571458
Cell_197	0.337942	0.0101106	0.392675	0.225123	0.0341495
Cell_198	5.76964e-11	1	6.70409e-11	9.12058e-13	5.8303e-12
Cell_199	1.87304e-05	1.27237e-08	5.83266e-30	0.999981	7.59622e-08
Cell_200	7.50661e-12	1	1.09712e-30	1.2278e-13	3.07526e-14
Cell_201	8.36983e-20	1	1.24848e-46	1.32092e-21	4.55994e-22
Cell_202	2.59134e-09	1	7.66489e-40	4.07534e-11	1.41178e-11
Cell_203	0.432371	0.0130722	0.502399	0.00846628	0.0436917
Cell_204	0.000143718	0.999839	2.03366e-21	2.33973e-06	1.45229e-05
Cell_205	2.95957e-14	1.02451e-15	1	5.60608e-16	2.99069e-15
Cell_206	1.85527e-12	1	9.83902e-35	2.91425e-14	1.87478e-13
Cell_207	3.73975e-10	1	1.15445e-42	5.87889e-12	3.77907e-11
Cell_208	1.64933e-11	5.59826e-13	1	2.91535e-13	1.66667e-12
Cell_209	0.431665	0.0138913	0.501578	0.00924485	0.0436204
Cell_210	2.67394e-12	1	3.10701e-12	4.20524e-14	2.70205e-13
Cell_211	0.598047	0.000662143	8.46257e-18	0.398394	0.00289679
Cell_212	1.61607e-06	1.07111e-09	2.4106e-33	2.72041e-08	0.999998
Cell_213	0.565642	0.000392412	9.15783e-25	0.376807	0.0571588
Cell_214	0.565658	0.000363129	2.63245e-29	0.376818	0.0571605
Cell_215	8.94082e-16	1	1.57234e-35	1.58037e-17	9.03482e-17
Cell_216	0.000571053	0.998699	0.000663542	9.06714e-06	5.77057e-05
Cell_217	6.15006e-13	1.92201e-14	1	1.20425e-14	6.21472e-14
Cell_218	6.75585e-29	5.35817e-32	1	1.07421e-30	3.44691e-31
Cell_219	0.430328	0.0146064	0.500024	0.0115568	0.0434852
Cell_220	1.00249e-18	9.99361e-22	1	1.57591e-20	1.01303e-19
Cell_221	6.57522e-06	5.58178e-09	3.29107e-25	0.873835	0.126159
Cell_222	0.452015	0.0135835	0.525224	0.00719855	0.00197855
Cell_223	0.894884	0.00063909	8.01687e-24	0.0140476	0.0904292
Cell_224	5.88757e-12	1	8.21866e-37	9.36148e-14	5.94947e-13
Cell_225	5.06498e-06	1.71918e-07	5.88531e-06	0.999988	5.11823e-07
Cell_226	0.888136	0.000715073	3.00074e-22	0.0214018	0.0897473
Cell_227	0.336852	0.0133016	0.391409	0.224397	0.0340394
Cell_228	0.451874	0.0137084	0.52506	0.00725698	0.00210004
Cell_229	1.5441e-15	1	7.42883e-32	2.4225e-17	1.56033e-16
Cell_230	7.4386e-15	1	1.20432e-38	1.24538e-16	7.5168e-16
Cell_231	1.25656e-16	1.73339e-19	1	2.11161e-18	1.26977e-17
Cell_232	6.26885e-08	1.96177e-09	7.28416e-08	1	6.33476e-09
Cell_233	3.78646e-06	0.999992	4.39972e-06	6.03011e-08	2.06289e-08
Cell_234	2.34465e-07	0.999999	2.72439e-07	3.68737e-09	9.14994e-10
Cell_235	0.59825	0.000440655	3.17268e-23	0.398529	0.0027803
Cell_236	3.70093e-05	0.999915	4.30033e-05	8.41983e-07	3.73984e-06
Cell_237	0.00024353	2.8035e-07	2.87246e-07	0.999731	2.4609e-05
Cell_238	0.978181	0.000973962	1.42965e-19	0.0167891	0.00405619
Cell_239	3.19513e-08	1	9.94966e-33	5.04648e-10	3.22872e-09
Cell_240	1.0825e-19	1.13948e-22	1	1.75512e-21	5.24335e-22
Cell_241	8.95131e-08	1	2.08786e-28	1.75276e-09	4.16002e-10
Cell_242	3.90863e-18	1	4.54167e-18	6.27714e-20	3.94972e-19
Cell_243	0.977877	0.000714488	1.5832e-24	0.0160805	0.00532754
Cell_244	0.258311	0.410679	0.300147	0.00476067	0.0261026
Cell_245	0.450673	0.0146543	0.523665	0.00882465	0.00218295
Cell_246	2.17312e-05	0.999976	7.52623e-35	3.41922e-07	2.19597e-06
Cell_247	1.28357e-07	8.42199e-11	1.75091e-33	1	6.21729e-10
Cell_248	0.349126	0.011135	0.405671	0.232573	0.00149535
Cell_249	0.892891	0.000574503	0.00225743	0.0140488	0.0902279
Cell_250	8.13066e-17	1	1.10049e-34	1.2865e-18	3.16384e-19
Cell_251	1.32644e-15	1	2.33268e-35	2.25081e-17	1.34038e-16
Cell_252	7.59165e-08	1	8.8212e-08	1.31414e-09	7.67146e-09
Cell_253	0.3376	0.0111112	0.392278	0.224895	0.034115
Cell_254	0.977899	0.000892796	4.89465e-20	0.0169278	0.00428043
Cell_255	8.18246e-08	1	9.50769e-08	1.29135e-09	3.44296e-10
Cell_256	0.597971	0.000427574	5.35696e-24	0.398344	0.00325779
Cell_257	2.30275e-07	1	1.15259e-26	3.61371e-09	2.32696e-08
Cell_258	0.00143031	0.99674	0.00166197	2.28184e-05	0.000144535
Cell_259	2.89179e-06	0.999997	1.34578e-34	4.96561e-08	2.9222e-07
Cell_260	3.3751e-12	1	1.05101e-36	5.45267e-14	3.41058e-13
Cell_261	1.43475e-08	1.23815e-11	2.52316e-28	1	1.44983e-09
Cell_262	9.49375e-08	1	1.10314e-07	1.65155e-09	9.59356e-09
Cell_263	2.95957e-14	9.74066e-16	1	5.4545e-16	2.99069e-15
Cell_264	0.894184	0.000661651	4.74211e-23	0.0147955	0.0903585
Cell_265	2.95957e-14	1.07831e-15	1	5.02205e-16	2.99069e-15
Cell_266	0.337824	0.0104563	0.392538	0.225044	0.0341375
Cell_267	3.56229e-16	1	1.23373e-45	5.60494e-18	1.4447e-18
Cell_268	8.39503e-07	0.999998	9.75469e-07	1.42454e-08	8.48329e-08
Cell_269	7.64098e-16	1	1.13976e-42	1.20168e-17	3.43524e-18
Cell_270	1.02021e-07	1	7.2053e-15	1.60788e-09	1.03094e-08
Cell_271	0.34929	0.0105963	0.405861	0.232682	0.00157034
Cell_272	3.38073e-08	3.40097e-11	5.94538e-28	1	3.41628e-09
Cell_273	0.598224	0.000483475	4.64988e-23	0.398512	0.00278018
Cell_274	0.000792161	2.60719e-05	0.00092046	0.998181	8.00489e-05
Cell_275	0.450404	0.0169664	0.523351	0.00725358	0.00202493
Cell_276	4.6074e-16	1.56387e-17	1	3.06926e-16	2.51014e-18
Cell_277	0.337927	0.0101551	0.392658	0.225113	0.0341479
Cell_278	0.432831	0.0135268	0.502933	0.00697058	0.0437382
Cell_279	1.25656e-16	1.4453e-19	1	1.99032e-18	5.21055e-19
Cell_280	6.64987e-15	1	1.94379e-40	1.0442e-16	6.71978e-16
Cell_281	1.10479e-27	1.26338e-30	1	2.70738e-29	6.01899e-30
Cell_282	0.348653	0.0120693	0.405121	0.232258	0.00189948
Cell_283	1.28492e-06	0.999997	1.49303e-06	2.12608e-08	8.86232e-09
Cell_284	0.893935	0.00103181	4.47438e-20	0.0147002	0.0903333
Cell_285	3.61818e-14	3.28989e-17	5.2881e-33	1	1.58374e-16
Cell_286	0.978167	0.000656811	3.38771e-30	0.0164377	0.00473799
Cell_287	1.11029e-16	1	1.29011e-16	1.83712e-18	1.12196e-17
Cell_288	0.433161	0.0129398	0.503316	0.00681222	0.0437715
Cell_289	0.979132	0.00061597	1.22064e-29	0.0155089	0.00474267
Cell_290	0.894937	0.000553809	3.09946e-30	0.0140745	0.0904346
Cell_291	0.977109	0.000697689	1.58196e-24	0.0180081	0.00418508
Cell_292	1.06336e-05	0.999976	1.23558e-05	1.75948e-07	1.07454e-06
Cell_293	8.48292e-07	6.51773e-10	2.86612e-28	0.999999	8.5721e-08
Cell_294	1.31067e-13	4.26184e-15	1	2.98185e-15	1.32445e-14
Cell_295	1.50417e-11	1	4.44916e-42	2.36455e-13	1.51998e-12
Cell_296	0.978557	0.000668476	6.20909e-26	0.0154435	0.00533124
Cell_297	7.82642e-12	1	3.91733e-31	1.27551e-13	7.9087e-13
Cell_298	2.57325e-09	1	4.16613e-33	4.07587e-11	1.40192e-11
Cell_299	0.43209	0.0129203	0.502072	0.00925395	0.0436633
Cell_300	0.430985	0.0131007	0.500788	0.0115745	0.0435516
Cell_301	7.99319e-21	1	2.56221e-48	1.27295e-22	8.07722e-22
Cell_302	0.349224	0.010858	0.405784	0.232638	0.00149577
Cell_303	4.68909e-21	2.00031e-22	1	8.44747e-23	4.73839e-22
Cell_304	0.89263	0.000716991	5.65123e-21	0.0164512	0.0902015
Cell_305	0.977611	0.000606061	3.38578e-30	0.0164566	0.00532609
Cell_306	1.7464e-05	0.99998	2.47121e-22	2.75615e-07	1.76476e-06
Cell_307	3.18973e-18	9.64376e-20	1	5.01042e-20	1.25929e-20
Cell_308	7.31072e-07	3.31984e-08	8.49477e-07	0.999998	3.28677e-09
Cell_309	0.430985	0.0131007	0.500788	0.0115745	0.0435516
Cell_310	0.258276	0.410625	0.300107	0.00489232	0.0260992
Cell_311	1.06187e-16	1	3.83476e-44	1.66741e-18	1.07303e-17
Cell_312	0.450762	0.0138966	0.523768	0.00964328	0.00193067
Cell_313	4.98196e-16	1	1.68325e-37	7.85168e-18	1.65633e-11
Cell_314	3.24749e-19	3.9122e-22	1	5.24651e-21	3.28164e-20
Cell_315	0.598305	0.000740208	2.99468e-20	0.398566	0.00238882
Cell_316	0.893367	0.000566038	8.14878e-29	0.0157911	0.0902759
Cell_317	0.893383	0.000874229	4.47162e-20	0.0154648	0.0902776
Cell_318	0.894975	0.000532554	5.50917e-08	0.0140535	0.0904385
Cell_319	7.04661e-15	2.14197e-16	1	1.10989e-16	3.83904e-17
Cell_320	2.32639e-07	1	1.00189e-24	4.19103e-09	1.26743e-09
Cell_321	0.598412	0.00038737	1.84474e-27	0.398637	0.00256308
Cell_322	9.29607e-08	2.85583e-09	1.08017e-07	1	9.3938e-09
Cell_323	5.6483e-23	1	3.58393e-48	9.96333e-25	5.70768e-24
Cell_324	3.85546e-22	1	5.21841e-40	6.09467e-24	3.896e-23
Cell_325	6.55485e-06	5.30271e-09	1.15274e-25	0.999993	6.62376e-07
Cell_326	0.438186	0.000304539	0.509155	0.00807577	0.0442793
Cell_327	2.56282e-09	7.73708e-11	2.9779e-09	1	2.58977e-10
Cell_328	1.51001e-07	1	1.75458e-07	2.37476e-09	6.78875e-10
Cell_329	5.71422e-18	1	2.15866e-41	9.17687e-20	5.77429e-19
Cell_330	8.06972e-06	0.999982	9.3767e-06	1.33525e-07	8.15456e-07
Cell_331	1.10564e-11	1	1.94439e-31	1.74628e-13	1.11727e-12
Cell_332	4.81826e-10	1	7.04207e-29	7.56593e-12	1.97391e-12
Cell_333	0.565601	0.000464769	1.31925e-21	0.37678	0.0571547
Cell_334	0.432743	0.0130472	0.502831	0.00764915	0.0437293
Cell_335	4.25576e-11	1	2.46284e-18	6.69293e-13	1.86282e-13
Cell_336	7.04661e-15	2.26764e-16	1	1.3798e-16	3.4132e-17
Cell_337	3.04967e-16	1	1.61733e-38	4.80347e-18	3.08174e-17
Cell_338	0.979601	0.000802504	5.1951e-23	0.0155342	0.00406208
Cell_339	2.51043e-10	1	7.81749e-35	4.15385e-12	2.53682e-11
Cell_340	1.14185e-09	7.87346e-13	3.55572e-34	1	1.15385e-10
Cell_341	1.57871e-05	1.50781e-08	2.30735e-24	0.999983	1.59531e-06
Cell_342	5.31603e-06	3.20626e-09	2.83453e-38	0.999995	2.7123e-08
Cell_343	1.32959e-09	1	1.54493e-09	2.09011e-11	5.97758e-12
Cell_344	3.70834e-05	0.999915	4.30895e-05	5.84443e-07	3.74733e-06
Cell_345	2.50246e-22	2.02475e-25	1	3.9323e-24	1.09537e-24
Cell_346	0.598087	0.000595507	8.09517e-19	0.398421	0.00289698
Cell_347	6.65949e-06	8.11423e-09	1.55331e-26	0.999993	3.09493e-08
Cell_348	0.565565	0.000528451	9.94606e-21	0.376756	0.0571511
Cell_349	0.429867	0.0156621	0.499488	0.0115445	0.0434386
Cell_350	0.337935	0.01013	0.392667	0.225119	0.0341488
Cell_351	0.565654	0.000369699	8.54441e-26	0.376816	0.0571601
Cell_352	0.348542	0.0125934	0.404992	0.232184	0.00168825
Cell_353	0.33793	0.0101459	0.392661	0.225115	0.0341483
Cell_354	0.000746336	6.67e-07	5.44789e-31	0.99925	3.26684e-06
Cell_355	0.336884	0.013209	0.391446	0.224418	0.0340426
Cell_356	0.892563	0.000791917	1.56967e-20	0.01645	0.0901947
Cell_357	6.63522e-24	4.46234e-27	1	1.11694e-25	3.61491e-26
Cell_358	0.349224	0.010858	0.405784	0.232638	0.00149577
Cell_359	0.565626	0.000419331	1.91108e-22	0.376797	0.0571573
Cell_360	1.92367e-13	1	1.31581e-36	3.02401e-15	9.81479e-16
Cell_361	0.428116	0.024294	0.497453	0.00687542	0.0432616
Cell_362	0.978828	0.000889567	1.43059e-19	0.0155417	0.00474119
Cell_363	0.432939	0.0132588	0.503058	0.00699438	0.0437491
Cell_364	0.565634	0.000405379	5.06727e-24	0.376802	0.0571581
Cell_365	6.3014e-13	1	4.59972e-40	1.01803e-14	2.75823e-15
Cell_366	0.550796	0.0266283	2.75688e-20	0.366917	0.0556586
Cell_367	2.75753e-11	1	1.7497e-36	4.33873e-13	2.78652e-12
Cell_368	1.00249e-18	9.11528e-22	1	1.87705e-20	1.01303e-19
Cell_369	2.60079e-10	1	1.30176e-29	4.09644e-12	1.16927e-12
Cell_370	0.45205	0.0135507	0.525264	0.00710339	0.00203233
Cell_371	0.000517688	5.277e-07	2.26986e-22	0.999429	5.23131e-05
Cell_372	1.25656e-16	4.19464e-18	1	2.018e-18	1.26977e-17
Cell_373	9.80455e-07	0.999998	1.13925e-06	1.56142e-08	4.55656e-09
Cell_374	4.6074e-16	1.76829e-17	1	7.27705e-18	2.0714e-18
Cell_375	0.433004	0.0130252	0.503133	0.00708235	0.0437556
Cell_376	1.00249e-18	1.03589e-21	1	2.147e-20	4.29378e-21
Cell_377	6.15006e-13	2.12896e-14	1	9.77885e-15	6.21472e-14
Cell_378	0.451637	0.0141976	0.524785	0.00719254	0.00218762
Cell_379	1.7375e-11	1	7.48275e-29	2.79817e-13	1.75576e-12
Cell_380	0.000249542	0.999721	2.23554e-27	3.92124e-06	2.52165e-05
Cell_381	1.64933e-11	5.70949e-13	1	2.60296e-13	1.66667e-12
Cell_382	0.431957	0.0136706	0.501917	0.00880631	0.0436498
Cell_383	0.429937	0.0201425	0.49957	0.00690467	0.0434457
Cell_384	1.59343e-09	1	1.8515e-09	2.60626e-11	8.68109e-12
Cell_385	7.04661e-15	2.21516e-16	1	1.12887e-16	7.12069e-16
Cell_386	1.76165e-15	5.4773e-17	1	2.96039e-17	1.78017e-16
Cell_387	0.264589	0.42066	0.307442	0.00602766	0.0012816
Cell_388	3.83626e-05	3.57256e-08	1.92015e-24	0.999958	3.87659e-06
Cell_389	4.50344e-10	1	5.23282e-10	7.33947e-12	1.77006e-12
Cell_390	1.21718e-06	1.18843e-09	1.97063e-30	0.999999	1.22998e-07
Cell_391	1.10183e-09	9.08235e-13	2.56999e-30	1	1.11342e-10
Cell_392	2.94385e-19	1	1.26717e-38	4.62773e-21	2.9748e-20
Cell_393	2.13746e-10	1	9.20523e-28	3.40998e-12	1.09055e-12
Cell_394	2.0613e-15	1	2.8118e-41	3.24327e-17	2.08297e-16
Cell_395	3.18973e-18	1.54208e-19	1	5.17172e-20	1.73779e-20
Cell_396	9.49375e-08	1	1.10314e-07	1.5209e-09	9.59356e-09
Cell_397	7.63347e-06	0.999991	3.82076e-25	1.19865e-07	7.71373e-07
Cell_398	0.000517689	3.24315e-07	6.45377e-33	0.99943	5.23131e-05
Cell_399	4.22159e-11	1	5.75863e-37	6.62691e-13	4.26598e-12
Cell_400	4.4423e-10	1	2.22349e-29	6.98329e-12	4.489e-11
Cell_401	0.000442768	0.99903	0.000514479	1.02037e-05	2.05772e-06
Cell_402	8.35654e-13	1	9.70998e-13	1.32515e-14	8.4444e-14
Cell_403	8.7328e-09	7.01448e-12	2.0369e-29	0.999949	5.08631e-05
Cell_404	0.431719	0.0137692	0.50164	0.00924599	0.0436258
Cell_405	3.07503e-12	9.66661e-14	1	5.34938e-14	3.10736e-13
Cell_406	3.56339e-17	4.19935e-20	1	5.62369e-19	3.60085e-18
Cell_407	0.979353	0.000788304	6.20027e-21	0.0155721	0.0042868
Cell_408	0.598206	0.000396716	3.23377e-31	0.3985	0.00289756
Cell_409	1.21873e-06	0.999999	1.61582e-28	1.93509e-08	1.23154e-07
Cell_410	4.6074e-16	2.61452e-17	1	7.74255e-18	4.65584e-17
Cell_411	2.675e-07	8.00787e-09	3.10825e-07	0.999999	1.14574e-09
Cell_412	6.63522e-24	7.72592e-27	1	1.09789e-25	6.70498e-25
Cell_413	1.48965e-12	1	1.33452e-35	2.34081e-14	1.50532e-13
Cell_414	2.95957e-14	4.70532e-14	1	4.89702e-16	2.99069e-15
Cell_415	1.85579e-12	1	3.2636e-32	2.99813e-14	1.8753e-13
Cell_416	3.3755e-05	1.12681e-06	3.9222e-05	0.999922	3.41099e-06
Cell_417	0.565607	0.000454046	1.75462e-19	0.376784	0.0571553
Cell_418	1.76165e-15	2.80079e-15	1	2.76931e-17	1.78017e-16
Cell_419	0.000144006	0.999839	2.60027e-32	2.35378e-06	1.4552e-05
Cell_420	5.85653e-05	0.999935	7.92688e-23	9.19941e-07	5.9181e-06
Cell_421	0.428626	0.0218946	0.498047	0.00811911	0.0433133
Cell_422	0.598417	0.000379749	2.7849e-29	0.398641	0.0025631
Cell_423	0.347128	0.0165096	0.403349	0.231242	0.00177108
Cell_424	7.3523e-11	1	3.16477e-30	1.17784e-12	3.56127e-13
Cell_425	0.297878	0.473586	4.3536e-20	0.198434	0.030101
Cell_426	2.43747e-06	0.999997	5.26638e-29	3.83709e-08	2.4631e-07
Cell_427	0.889114	0.000812475	1.29947e-19	0.0202279	0.0898461
Cell_428	1.04805e-17	1.35999e-20	1	6.98171e-18	5.07651e-20
Cell_429	1.55802e-07	1	1.81035e-07	2.54834e-09	1.5744e-08
Cell_430	2.63259e-15	1	4.26221e-39	4.13843e-17	2.66027e-16
Cell_431	9.81977e-23	1.29516e-25	1	1.58144e-24	5.34988e-25
Cell_432	0.297878	0.473586	1.89008e-26	0.198434	0.030101
Cell_433	1.69433e-10	1	3.13341e-40	2.66349e-12	6.87146e-13
Cell_434	0.451549	0.0142906	0.524682	0.00766226	0.00181582
Cell_435	0.432691	0.0138002	0.50277	0.00701549	0.043724
Cell_436	0.890318	0.000646708	1.44144e-24	0.0190677	0.0899678
Cell_437	0.450217	0.0169225	0.523134	0.00727351	0.00245281
Cell_438	4.31717e-06	0.99999	5.01639e-06	6.7814e-08	4.36256e-07
Cell_439	1.51503e-16	1	3.63214e-45	2.38162e-18	1.53096e-17
Cell_440	5.77873e-07	0.999999	6.71465e-07	9.63041e-09	5.83948e-08
Cell_441	0.348982	0.0113477	0.405503	0.232477	0.00169038
Cell_442	3.44485e-07	1	5.03477e-26	5.58535e-09	1.6686e-09
Cell_443	1.00249e-18	1.00756e-21	1	1.6254e-20	1.01303e-19
Cell_444	6.31225e-05	6.96939e-08	8.93206e-22	0.999936	3.22058e-07
Cell_445	0.979482	0.000722646	1.29862e-22	0.0153913	0.00440357
Cell_446	0.369459	0.58739	1.1505e-25	0.00581606	0.0373343
Cell_447	3.07503e-12	9.66661e-14	1	4.85297e-14	3.10736e-13
Cell_448	1.37074e-05	1.22227e-08	2.41059e-25	0.999985	1.38515e-06
Cell_449	4.68909e-21	3.84247e-24	1	7.3816e-23	1.90168e-23
Cell_450	3.10399e-17	1	5.60479e-45	4.9726e-19	1.44255e-19
Cell_451	0.429275	0.0176656	0.4988	0.0108803	0.0433788
Cell_452	0.598262	0.00051147	1.05211e-20	0.398537	0.00268968
Cell_453	1.0825e-19	9.07724e-23	1	1.95014e-21	1.09388e-20
Cell_454	4.79256e-19	1	6.48678e-37	7.53091e-21	4.84295e-20
Cell_455	1.76364e-20	1	2.19864e-49	2.78554e-22	1.20856e-15
Cell_456	3.22315e-05	1.98541e-08	5.25689e-36	0.999964	3.25703e-06
Cell_457	0.59815	0.000490153	1.39517e-21	0.398463	0.00289729
Cell_458	0.000215255	0.999759	1.36583e-29	3.52954e-06	2.17518e-05
Cell_459	8.6233e-15	1	2.55067e-45	1.35558e-16	8.71396e-16
Cell_460	0.337879	0.0102934	0.392603	0.225081	0.0341432
Cell_461	0.000111428	8.53372e-08	3.76481e-26	0.999888	4.39913e-07
Cell_462	0.565633	0.000408213	2.99971e-23	0.376801	0.0571579
Cell_463	1.7031e-13	1	7.92589e-42	2.67843e-15	1.72101e-14
Cell_464	5.24323e-16	1	8.48889e-40	1.01066e-17	5.29836e-17
Cell_465	2.77613e-11	1	4.4946e-35	4.36799e-13	1.15117e-13
Cell_466	5.87623e-05	3.6208e-08	5.85156e-35	0.999941	2.40733e-07
Cell_467	0.221286	0.351815	0.257126	0.147412	0.0223613
Cell_468	6.15006e-13	2.24076e-14	1	1.01192e-14	2.63415e-15
Cell_469	0.448471	0.0213295	0.521106	0.00707771	0.00201624
Cell_470	0.451569	0.0140401	0.524706	0.00775056	0.00193413
Cell_471	0.369333	0.58719	6.49512e-21	0.00615505	0.0373216
Cell_472	1.04805e-17	1.19946e-20	1	1.71423e-19	1.05907e-18
Cell_473	0.000257485	1.73845e-07	3.8894e-29	0.000171526	0.999571
Cell_474	7.14068e-11	1	1.66554e-31	1.12207e-12	7.21575e-12
Cell_475	3.18814e-12	1	2.32719e-39	5.16914e-14	1.73692e-14
Cell_476	0.893841	0.000697838	2.61274e-26	0.0151368	0.0903239
Cell_477	0.429732	0.0187511	0.499331	0.00876095	0.043425
Cell_478	1.58262e-16	1	3.79417e-45	2.4836e-18	1.59925e-17
Cell_479	6.63613e-19	1	8.79831e-41	1.0432e-20	2.52696e-21
Cell_480	3.81013e-10	1	4.42722e-10	6.3497e-12	3.85019e-11
Cell_481	0.894249	0.000759138	5.66148e-21	0.0146266	0.0903651
Cell_482	0.598009	0.000364514	5.54327e-33	0.398369	0.00325799
Cell_483	0.893182	0.00102232	1.20893e-18	0.015538	0.0902573
Cell_484	0.000646998	4.30141e-07	8.82563e-30	0.999287	6.538e-05
Cell_485	5.4639e-13	1	8.15017e-40	8.62305e-15	2.45647e-15
Cell_486	5.55103e-07	3.77086e-10	3.52221e-32	0.999999	5.60939e-08
Cell_487	1.43239e-12	1	2.09349e-31	2.24852e-14	7.80376e-15
Cell_488	4.4803e-12	1	3.15748e-36	7.07075e-14	2.17074e-08
Cell_489	1.35745e-07	1	1.5773e-07	2.26223e-09	1.37172e-08
Cell_490	0.565531	0.000587306	7.65453e-19	0.376734	0.0571477
Cell_491	0.432959	0.0131607	0.503081	0.00704859	0.0437511
Cell_492	0.451573	0.0146836	0.52471	0.00716089	0.00187252
Cell_493	7.56016e-05	0.999828	8.78461e-05	1.18897e-06	7.63964e-06
Cell_494	0.598471	0.000370148	5.95959e-31	0.398677	0.00248166
Cell_495	2.95957e-14	8.91239e-16	1	4.76628e-16	1.20027e-16
Cell_496	1.49691e-16	1	2.18779e-35	4.02009e-18	1.51265e-17
Cell_497	0.43292	0.0130226	0.503036	0.00727505	0.0437471
Cell_498	0.337744	0.0106889	0.392446	0.224991	0.0341295
Cell_499	0.433118	0.012951	0.503266	0.00689761	0.0437672
Cell_500	0.978642	0.00109831	4.29097e-19	0.015519	0.0047403
Cell_501	1.76165e-15	5.4773e-17	1	4.73107e-17	1.78017e-16
Cell_502	5.13026e-16	1	8.30598e-40	8.06477e-18	5.1842e-17
Cell_503	0.432901	0.0132209	0.503014	0.00711877	0.0437452
Cell_504	1.25265e-08	3.80771e-10	1.32617e-29	1	1.26582e-09
Cell_505	5.13547e-16	4.7026e-19	1	9.25163e-18	5.18946e-17
Cell_506	0.00421464	0.00670071	0.00489725	0.984167	2.04146e-05
Cell_507	4.68909e-21	3.98184e-24	1	7.51193e-23	4.73839e-22
Cell_508	3.91184e-07	4.37893e-10	9.59409e-25	1	3.95296e-08
Cell_509	0.382979	0.608885	3.43094e-24	0.00604888	0.0020865
Cell_510	0.894648	0.000816113	1.30756e-19	0.0141303	0.0904054
Cell_511	1.24779e-08	1	1.44988e-08	2.04092e-10	6.36635e-11
Cell_512	1.32959e-09	1	1.88141e-26	2.16109e-11	1.34357e-10
Cell_513	0.894933	0.000570147	8.29562e-33	0.0140627	0.0904342
Cell_514	9.81977e-23	7.62987e-26	1	1.6148e-24	9.92301e-24
Cell_515	0.976247	0.0010793	1.38142e-17	0.0184922	0.00418139
Cell_516	0.00052253	1.60526e-05	0.00060716	0.998801	5.28024e-05
Cell_517	0.893754	0.00076501	2.192e-18	0.015166	0.090315
Cell_518	0.258276	0.410625	0.300107	0.00489232	0.0260992
Cell_519	3.53925e-17	1	4.11247e-17	5.5637e-19	3.57646e-18
Cell_520	0.894206	0.00137614	1.21978e-26	0.0140569	0.0903607
Cell_521	3.37565e-05	2.57502e-08	1.7902e-27	0.999966	1.72229e-07
Cell_522	1.34352e-15	1	2.00405e-42	2.11039e-17	6.04022e-18
Cell_523	0.451833	0.0137991	0.525012	0.00725631	0.00209984
Cell_524	3.21099e-15	1	4.38008e-41	5.20619e-17	3.24475e-16
Cell_525	9.21832e-16	1	3.94857e-51	1.44854e-17	9.31523e-17
Cell_526	4.3682e-15	1	2.1864e-34	6.92694e-17	1.87096e-17
Cell_527	2.50246e-22	1.86464e-25	1	3.98528e-24	2.52877e-23
Cell_528	1.66491e-13	1	2.3241e-38	2.62754e-15	1.68241e-14
Cell_529	0.59844	0.00052924	2.02195e-22	0.398656	0.00237489
Cell_530	1.27433e-13	1	2.06315e-37	2.00716e-15	1.32087e-09
Cell_531	0.431305	0.0135584	0.501159	0.0103933	0.0435839
Cell_532	7.63537e-15	1	3.55334e-43	1.20699e-16	4.1598e-17
Cell_533	1.51001e-07	1	2.13672e-24	2.44828e-09	1.52589e-08
Cell_534	0.894273	0.000911568	1.26543e-17	0.0144475	0.0903675
Cell_535	3.18973e-18	4.94107e-21	1	5.2453e-20	3.22327e-19
Cell_536	2.16498e-26	1.67026e-29	1	3.67371e-28	2.18774e-27
Cell_537	3.07503e-12	4.88888e-12	1	5.43541e-14	3.10736e-13
Cell_538	0.893006	0.000827263	1.30516e-19	0.0159268	0.0902395
Cell_539	0.438683	0.000299638	0.509732	0.00695648	0.0443295
Cell_540	0.451803	0.0137982	0.524978	0.00738984	0.00203122
Cell_541	0.00132655	0.998519	1.87711e-20	2.0845e-05	0.000134049
Cell_542	0.598297	0.000452984	3.79628e-26	0.398561	0.00268983
Cell_543	3.07582e-11	1	1.9473e-31	4.89839e-13	1.38283e-13
Cell_544	1.64933e-11	5.30766e-13	1	2.67417e-13	9.94264e-14
Cell_545	2.46556e-06	0.999997	6.60061e-42	3.87432e-08	2.49149e-07
Cell_546	0.979878	0.00072251	1.29914e-22	0.0154253	0.00397395
Cell_547	0.264815	0.421021	0.307705	0.00501618	0.00144273
Cell_548	0.565532	0.000586583	8.26546e-20	0.376734	0.0571477
Cell_549	0.893272	0.00112952	1.26401e-17	0.0153318	0.0902664
Cell_550	1.67914e-08	1	3.62794e-31	2.63961e-10	1.69679e-09
Cell_551	0.43311	0.0129579	0.503257	0.00690959	0.0437663
Cell_552	2.95957e-14	1.13863e-15	1	1.97155e-14	2.99069e-15
Cell_553	1.76165e-15	6.63602e-17	1	4.31705e-17	1.78017e-16
Cell_554	7.04321e-08	1	8.18394e-08	1.89152e-09	7.11726e-09
Cell_555	6.08017e-10	1	4.43823e-37	9.68295e-12	6.14409e-11
Cell_556	1.10479e-27	1.02199e-30	1	7.35968e-28	1.11641e-28
Cell_557	2.49132e-11	1	3.39838e-37	3.9148e-13	1.02063e-13
Cell_558	0.565591	0.000481328	3.58075e-21	0.376774	0.0571538
Cell_559	5.27901e-05	1.59162e-06	6.13401e-05	1.03369e-06	0.999883
Cell_560	0.431961	0.0149532	0.501921	0.00751447	0.0436502
Cell_561	8.43881e-05	0.999914	3.18794e-28	1.64841e-06	3.45716e-07
Cell_562	0.451108	0.0153117	0.52417	0.0075807	0.00182949
Cell_563	0.00176479	5.62861e-05	0.00205061	0.99595	0.000178334
Cell_564	1.72756e-21	1.39971e-24	1	2.76755e-23	9.41186e-24
Cell_565	0.565576	0.000508556	2.13658e-24	0.376763	0.0571522
Cell_566	8.37771e-07	1.33194e-06	9.73457e-07	1.32216e-08	0.999997
Cell_567	0.000495229	3.33493e-07	3.1423e-29	0.999454	5.00435e-05
Cell_568	0.451844	0.0140487	0.525025	0.00720847	0.00187365
Cell_569	1.74606e-15	2.00004e-18	1	2.87128e-17	1.76442e-16
Cell_570	1.38851e-06	0.999997	1.6134e-06	2.18274e-08	6.7256e-09
Cell_571	0.000746336	5.11434e-07	2.32409e-28	0.99925	3.14039e-06
Cell_572	0.431305	0.0143978	0.501159	0.00955489	0.0435839
Cell_573	2.24847e-05	7.12107e-07	2.61263e-05	0.999951	9.32364e-08
Cell_574	4.81403e-09	1	1.12286e-29	7.63393e-11	1.89213e-11
Cell_575	3.35238e-11	1	1.44375e-28	5.45769e-13	3.38763e-12
Cell_576	0.893521	0.000643908	4.73859e-23	0.0155438	0.0902915
Cell_577	0.893259	0.000686324	3.01806e-22	0.0157892	0.0902651
Cell_578	9.33658e-10	2.85934e-11	1.08487e-09	1	4.5224e-12
Cell_579	5.96076e-10	1	6.92616e-10	1.02308e-11	6.02342e-11
Cell_580	5.63692e-07	0.999999	7.97644e-24	9.32707e-09	5.69619e-08
Cell_581	2.04804e-16	1	2.89805e-33	3.21824e-18	2.06957e-17
Cell_582	0.0150115	0.0238663	0.959353	0.000252263	0.00151693
Cell_583	0.868969	0.0290078	1.17616e-18	0.0142131	0.0878104
Cell_584	0.894625	0.000902263	2.08668e-21	0.0140696	0.0904031
Cell_585	0.369462	0.587395	1.59114e-18	0.00580794	0.0373347
Cell_586	0.975223	0.000990593	1.31998e-18	0.0184729	0.00531308
Cell_587	1.64933e-11	6.46694e-13	1	1.09872e-11	1.66667e-12
Cell_588	0.3376	0.0111112	0.392278	0.224895	0.034115
Cell_589	0.258472	0.410935	0.300334	0.00414072	0.0261189
Cell_590	3.07503e-12	9.89564e-14	1	4.83603e-14	1.56891e-14
Cell_591	8.47826e-06	1.05384e-08	1.1997e-22	0.999991	4.61902e-08
Cell_592	0.431528	0.0162554	0.501419	0.00719154	0.0436065
Cell_593	0.258493	0.410969	0.300358	0.00405901	0.026121
Cell_594	3.70718e-20	3.28916e-23	1	5.8302e-22	1.79567e-22
Cell_595	3.85819e-14	1	2.04611e-36	6.06507e-16	3.89875e-15
Cell_596	0.258419	0.410852	0.300273	0.00434264	0.0261136
Cell_597	0.337716	0.0107711	0.392413	0.224973	0.0341267
Cell_598	2.95957e-14	1.21793e-15	1	1.97155e-14	2.99069e-15
Cell_599	0.565597	0.000471849	3.58078e-21	0.376777	0.0571543
Cell_600	4.36366e-12	1	5.0704e-12	6.85694e-14	1.74225e-14
Cell_601	3.24749e-19	1.04506e-20	1	5.31171e-21	1.39094e-21
Cell_602	0.432033	0.013062	0.502005	0.0092426	0.0436575
Cell_603	0.42891	0.0219091	0.498377	0.0074614	0.043342
Cell_604	1.7031e-13	1	1.97894e-13	2.77266e-15	6.97717e-16
Cell_605	0.349255	0.010696	0.40582	0.232659	0.00157019
Cell_606	1.31902e-14	1	4.45659e-36	2.1628e-16	1.33289e-15
Cell_607	0.258361	0.410759	0.300205	0.00456677	0.0261077
Cell_608	7.65918e-07	0.999999	1.11942e-25	1.2031e-08	3.70991e-09
Cell_609	0.890858	0.00095779	1.20579e-18	0.0181619	0.0900224
Cell_610	0.00197915	1.46227e-06	1.77303e-26	0.998011	8.32774e-06
Cell_611	0.449292	0.0184894	0.52206	0.00771147	0.00244777
Cell_612	3.45538e-05	0.999961	4.88948e-22	5.43185e-07	3.49171e-06
Cell_613	7.04661e-15	1.12032e-14	1	4.69416e-15	7.12069e-16
Cell_614	6.15006e-13	2.68354e-14	1	1.25381e-14	6.21472e-14
Cell_615	1.78127e-08	1	2.06977e-08	2.86067e-10	1.8e-09
Cell_616	0.000935138	0.997868	0.00108659	1.60503e-05	9.4497e-05
Cell_617	1.79686e-09	1	6.78802e-33	2.8319e-11	8.70355e-12
Cell_618	0.429957	0.0201434	0.499593	0.00685929	0.0434477
Cell_619	0.430985	0.0131007	0.500788	0.0115745	0.0435516
Cell_620	6.15006e-13	1.97913e-14	1	9.97149e-15	3.3506e-15
Cell_621	0.432716	0.0139251	0.502799	0.00683443	0.0437265
Cell_622	3.78648e-06	0.999996	8.83184e-27	6.97848e-08	2.0629e-08
Cell_623	1.1971e-14	1	4.52227e-38	1.94888e-16	1.20968e-15
Cell_624	3.69657e-17	1	1.87447e-48	5.80656e-19	3.73544e-18
Cell_625	0.265092	0.42146	0.308026	0.00419054	0.00123198
Cell_626	0.000105574	1.00329e-07	1.54301e-23	0.999894	4.74643e-07
Cell_627	0.000368675	2.29909e-07	2.41181e-33	0.999594	3.72551e-05
Cell_628	0.258279	0.410628	0.30011	0.00488359	0.0260994
Cell_629	0.978983	0.000618587	1.22045e-29	0.0154034	0.00499488
Cell_630	0.432664	0.0130811	0.502739	0.00779451	0.0437213
Cell_631	1.41367e-09	1	1.40774e-39	2.22944e-11	1.42854e-10
Cell_632	0.432882	0.0132203	0.502992	0.00716263	0.0437433
Cell_633	0.258454	0.410907	0.300314	0.00420765	0.0261171
Cell_634	0.432511	0.014235	0.502561	0.00698747	0.0437058
Cell_635	1.16143e-14	1	2.04249e-34	1.84963e-16	5.62566e-17
Cell_636	4.91219e-17	1.01995e-19	1	7.88884e-19	2.67619e-19
Cell_637	1.64933e-11	9.35935e-13	1	3.22957e-13	1.66667e-12
Cell_638	8.38884e-17	1	2.48132e-47	1.31872e-18	3.89862e-19
Cell_639	0.000125958	0.000200257	1.78235e-21	0.999673	5.51341e-07
Cell_640	1.57871e-05	1.09614e-08	5.96392e-29	0.999983	1.59531e-06
Cell_641	0.450401	0.0165804	0.523349	0.00721544	0.00245382
Cell_642	5.30424e-18	4.61174e-21	1	8.4016e-20	5.36001e-19
Cell_643	1.47049e-10	0.999999	4.96835e-32	2.40518e-12	9.6951e-07
Cell_644	4.06065e-07	1	1.37197e-28	6.38334e-09	4.10334e-08
Cell_645	0.978276	0.000682107	1.58385e-24	0.0163033	0.00473852
Cell_646	0.430487	0.0152541	0.500209	0.0105494	0.0435012
Cell_647	4.6074e-16	2.422e-17	1	1.0207e-17	4.65584e-17
Cell_648	0.221286	0.351815	0.257126	0.147412	0.0223613
Cell_649	1.00249e-18	1.14831e-21	1	1.72063e-20	4.38806e-21
Cell_650	0.451694	0.0138332	0.524851	0.00759055	0.00203074
Cell_651	5.28878e-19	1	1.63842e-56	8.31396e-21	2.12678e-21
Cell_652	6.50639e-22	2.02296e-23	1	1.04003e-23	2.75492e-18
Cell_653	1.72756e-21	1.4617e-24	1	2.90808e-23	1.74572e-22
Cell_654	1.24825e-07	1	1.45042e-07	2.17148e-09	1.26137e-08
Cell_655	3.51938e-05	2.57607e-08	3.50461e-35	0.999961	3.55638e-06
Cell_656	3.24749e-19	3.14956e-22	1	5.21538e-21	3.28164e-20
Cell_657	0.258472	0.410935	0.300334	0.00414072	0.0261189
Cell_658	2.228e-05	0.999975	3.25631e-24	3.62136e-07	2.25143e-06
Cell_659	1.30252e-20	1.14456e-23	1	2.18884e-22	5.40114e-23
Cell_660	1.10935e-17	1	3.42453e-50	1.74197e-19	1.12101e-18
Cell_661	1.40711e-15	1	4.75421e-37	2.27327e-17	6.02685e-18
Cell_662	0.894808	0.0006373	8.0162e-24	0.0141328	0.0904216
Cell_663	3.08779e-16	1	4.21201e-42	5.26366e-18	1.38821e-18
Cell_664	2.40275e-18	1	7.10706e-49	3.78452e-20	2.42801e-19
Cell_665	0.337838	0.0104152	0.392554	0.225054	0.034139
Cell_666	1.85343e-08	1	1.00192e-38	2.91484e-10	1.87291e-09
Cell_667	1.56297e-16	1.60678e-19	1	2.45699e-18	1.5794e-17
Cell_668	4.68909e-21	4.01279e-24	1	7.46759e-23	2.10813e-23
Cell_669	0.451669	0.0139246	0.524822	0.00712308	0.00246073
Cell_670	0.450911	0.0138092	0.523941	0.00888139	0.0024566
Cell_671	0.893747	0.00104387	1.26468e-17	0.0148946	0.0903144
Cell_672	0.565543	0.000567274	9.94567e-21	0.376741	0.0571488
Cell_673	0.431853	0.0157344	0.501796	0.00697684	0.0436393
Cell_674	1.40033e-05	0.999969	1.62713e-05	2.20563e-07	5.67912e-08
Cell_675	7.04661e-15	1.12032e-14	1	1.15943e-16	7.12069e-16
Cell_676	3.73778e-11	1	1.26288e-32	6.09164e-13	3.77708e-12
Cell_677	0.000696189	4.66669e-07	9.49664e-30	0.9993	2.98187e-06
Cell_678	0.598353	0.000486183	1.39564e-21	0.398598	0.00256282
Cell_679	2.34338e-12	1	1.48359e-32	4.58857e-14	1.13507e-14
Cell_680	0.565591	0.00048131	2.99949e-23	0.376774	0.0571538
Cell_681	0.889065	0.0013981	3.82887e-18	0.0196959	0.0898412
Cell_682	0.451793	0.0138795	0.524966	0.00717353	0.00218837
Cell_683	0.565629	0.000414787	5.06722e-24	0.376799	0.0571576
Cell_684	2.37785e-09	1	5.13756e-32	3.74322e-11	9.86013e-12
Cell_685	0.978012	0.0013933	4.89521e-20	0.0158571	0.00473724
Cell_686	0.59838	0.000441214	2.02175e-22	0.398616	0.00256294
Cell_687	0.894408	0.000882059	1.21059e-18	0.0143284	0.0903812
Cell_688	4.77405e-27	3.28939e-30	1	8.60052e-29	4.82424e-28
Cell_689	0.00427206	0.000160576	0.00496397	0.990172	0.000431697
Cell_690	0.565654	0.000370709	5.15957e-29	0.376815	0.0571601
Cell_691	0.97688	0.000724162	1.58159e-24	0.0180039	0.00439188
Cell_692	0.451792	0.0137637	0.524965	0.00717352	0.00230509
Cell_693	1.76165e-15	2.80079e-15	1	4.00786e-17	1.78017e-16
Cell_694	0.432761	0.0138025	0.502851	0.00685467	0.0437311
Cell_695	1.29216e-05	0.999987	6.85271e-28	2.05459e-07	5.24044e-08
Cell_696	5.33323e-11	1	3.75859e-35	9.6079e-13	5.3893e-12
Cell_697	0.000108904	8.07368e-08	5.77548e-27	0.99988	1.10049e-05
Cell_698	2.15881e-06	1.44069e-09	1.3698e-31	0.999998	2.1815e-07
Cell_699	0.892309	0.000619841	1.44466e-24	0.0169023	0.090169
Cell_700	0.432853	0.0136495	0.502958	0.00679924	0.0437404
Cell_701	5.98091e-11	1	6.94958e-11	1.05718e-12	3.25844e-13
Cell_702	0.978276	0.000726043	5.18807e-23	0.0166002	0.00439815
Cell_703	3.37725e-10	1	3.92423e-10	5.58812e-12	3.41276e-11
Cell_704	0.979406	0.000724711	5.19406e-23	0.0160195	0.00384951
Cell_705	5.31603e-06	3.91762e-09	2.81924e-28	0.999994	5.37192e-07
Cell_706	0.265127	0.421516	0.308067	0.00419109	0.00109939
Cell_707	5.60361e-07	1.67257e-08	6.51118e-07	0.999999	5.66253e-08
Cell_708	1.00249e-18	1.0123e-21	1	2.28072e-20	1.01303e-19
Cell_709	7.91154e-05	2.57256e-06	9.1929e-05	0.999818	7.99471e-06
Cell_710	7.36715e-26	1	4.50029e-53	1.15684e-27	7.44461e-27
Cell_711	0.337483	0.011455	0.392142	0.224817	0.0341031
Cell_712	0.565451	0.000728979	9.94406e-21	0.37668	0.0571396
Cell_713	1.08297e-08	7.89494e-12	5.74329e-31	1	1.09436e-09
Cell_714	6.15006e-13	1.8736e-14	1	9.71357e-15	6.21472e-14
Cell_715	1.44286e-07	1.34818e-10	2.53743e-27	1	1.45803e-08
Cell_716	0.369363	0.587238	1.61952e-19	0.00607394	0.0373247
Cell_717	3.18432e-06	9.6602e-08	3.70005e-06	0.999993	3.21779e-07
Cell_718	3.70718e-20	3.51333e-23	1	6.36287e-22	2.0197e-22
Cell_719	1.76165e-15	5.70174e-17	1	2.76931e-17	1.78017e-16
Cell_720	0.432826	0.0132968	0.502927	0.00721317	0.0437376
Cell_721	4.52101e-15	1	6.60762e-34	7.13499e-17	4.56854e-16
Cell_722	0.265122	0.421508	0.308061	0.00420958	0.00109937
Cell_723	0.885732	0.000976769	1.25334e-17	0.0237871	0.0895044
Cell_724	0.598471	0.000399886	1.74936e-26	0.398677	0.00245178
Cell_725	0.888276	0.000557535	4.13385e-29	0.0214052	0.0897615
Cell_726	3.30453e-07	1	2.32887e-31	5.24691e-09	3.33928e-08
Cell_727	3.70718e-20	3.02362e-23	1	7.02222e-22	3.74616e-21
Cell_728	0.43239	0.014231	0.50242	0.00726614	0.0436935
Cell_729	2.43425e-06	0.999998	2.20568e-37	3.85168e-08	1.04262e-08
Cell_730	0.00010889	3.25145e-06	0.000126526	0.99975	1.10035e-05
Cell_731	3.03273e-07	0.999999	3.52391e-07	5.36063e-09	3.06461e-08
Cell_732	0.43253	0.0133876	0.502583	0.00779209	0.0437077
Cell_733	1.21698e-10	1	3.78968e-35	2.34107e-12	1.22977e-11
Cell_734	0.559063	0.000434485	0.0115839	0.372425	0.0564941
Cell_735	1.0655e-05	0.999989	2.81628e-07	1.67497e-07	4.13573e-08
Cell_736	3.56339e-17	3.68212e-20	1	8.73233e-19	3.60085e-18
Cell_737	0.428952	0.0219112	0.498425	0.0073657	0.0433462
Cell_738	0.977161	0.000833661	6.18639e-21	0.0172722	0.00473312
Cell_739	0.337935	0.01013	0.392667	0.225119	0.0341488
Cell_740	0.429355	0.0168347	0.498893	0.0115307	0.0433869
Cell_741	0.433034	0.013163	0.503169	0.00687568	0.0437587
Cell_742	0.349372	0.0104368	0.405957	0.232737	0.00149641
Cell_743	1.78415e-09	1	2.36546e-31	2.80863e-11	1.80291e-10
Cell_744	0.894022	0.000736938	5.66004e-21	0.0148991	0.0903421
Cell_745	8.55653e-06	2.6379e-07	9.94235e-06	0.999981	4.66166e-08
Cell_746	3.0388e-07	1	4.24197e-32	4.82498e-09	3.07075e-08
Cell_747	7.04661e-15	2.23011e-16	1	1.18416e-16	7.12069e-16
Cell_748	7.82925e-14	1	1.14428e-32	1.23881e-15	4.26543e-16
Cell_749	9.80951e-10	1	3.31434e-31	1.54205e-11	4.06768e-12
Cell_750	6.76254e-05	2.07104e-06	7.8578e-05	0.999845	6.83363e-06
Cell_751	0.369363	0.587238	5.22662e-18	0.00607394	0.0373247
Cell_752	0.258469	0.410931	0.300331	0.00415094	0.0261186
Cell_753	0.450628	0.0159679	0.523612	0.00733625	0.00245505
Cell_754	3.18973e-18	3.65091e-21	1	5.54892e-20	3.22327e-19
Cell_755	7.17315e-06	0.999993	6.42611e-29	1.13295e-07	3.22492e-08
Cell_756	5.48411e-05	0.999939	7.76021e-22	8.76625e-07	5.54177e-06
Cell_757	2.64244e-08	4.62128e-05	3.86202e-27	0.999954	2.67022e-09
Cell_758	0.258395	0.410814	0.300245	0.00443499	0.0261112
Cell_759	0.00607125	0.000193636	0.00705456	0.986067	0.000613508
Cell_760	0.461674	0.00040975	0.183715	0.307548	0.0466528
Cell_761	0.894806	0.000565546	3.30041e-34	0.0142076	0.0904213
Cell_762	0.000938028	0.998952	2.92103e-28	1.47295e-05	9.4789e-05
Cell_763	0.43252	0.0142353	0.502572	0.00696558	0.0437068
Cell_764	1.187e-14	1	1.61918e-40	1.86764e-16	5.19572e-17
Cell_765	0.438722	0.000272879	0.509778	0.00689396	0.0443334
Cell_766	6.81775e-15	1	2.30351e-36	1.0752e-16	1.22423e-11
Cell_767	2.91509e-05	2.07869e-08	2.6115e-28	0.999968	2.94574e-06
Cell_768	3.99913e-09	3.20697e-12	9.32784e-30	1	1.60817e-11
Cell_769	0.337406	0.01168	0.392053	0.224766	0.0340953
Cell_770	0.977088	0.000591223	3.01624e-33	0.0169976	0.00532324
Cell_771	3.90008e-10	1	5.1708e-32	6.17749e-12	3.94108e-11
Cell_772	0.565615	0.000439021	1.22207e-23	0.37679	0.0571562
Cell_773	6.25278e-06	1.90067e-07	7.26549e-06	0.999986	6.31852e-07
Cell_774	1.5011e-14	1	1.34477e-37	2.37518e-16	8.17812e-17
Cell_775	0.348653	0.0120693	0.405121	0.232258	0.00189948
Cell_776	9.28212e-06	0.99998	1.07855e-05	1.462e-07	4.17307e-08
Cell_777	2.5135e-08	1	1.59486e-33	3.95678e-10	2.53993e-09
Cell_778	0.565573	0.000514256	2.83084e-20	0.376761	0.0571519
Cell_779	0.430104	0.0187431	0.499764	0.00792682	0.0434626
Cell_780	0.5981	0.000418168	9.68335e-25	0.39843	0.00305157
Cell_781	0.56566	0.000360046	1.0214e-28	0.376819	0.0571607
Cell_782	0.432944	0.0133473	0.503064	0.00689484	0.0437496
Cell_783	1.00249e-18	1.66053e-21	1	2.14465e-20	1.01303e-19
Cell_784	6.28037e-14	1	8.76698e-39	9.94772e-16	6.3464e-15
Cell_785	1.19914e-24	1.01548e-27	1	1.9522e-26	1.21174e-25
Cell_786	0.00129039	4.19591e-05	0.00149939	0.997162	5.80138e-06
Cell_787	3.27348e-16	1	4.78432e-35	5.14591e-18	3.3079e-17
Cell_788	0.45008	0.0163985	0.522976	0.00836552	0.00218007
Cell_789	0.894179	0.00124569	2.61373e-26	0.0142178	0.0903579
Cell_790	2.76991e-14	1	3.21853e-14	4.50943e-16	1.34168e-16
Cell_791	3.07503e-12	9.56084e-14	1	4.95222e-14	1.38248e-14
Cell_792	0.430394	0.01878	0.500101	0.00723261	0.0434919
Cell_793	0.369461	0.587394	7.93773e-18	0.00581043	0.0373346
Cell_794	2.95957e-14	9.01624e-16	1	4.65245e-16	1.51001e-16
Cell_795	3.00905e-07	1.04164e-08	3.4964e-07	0.999999	3.04068e-08
Cell_796	9.99842e-16	1	3.11351e-40	1.61742e-17	1.5577e-11
Cell_797	0.258436	0.410879	0.300293	0.00427619	0.0261153
Cell_798	8.4206e-05	0.999753	9.78441e-05	5.60946e-05	8.50913e-06
Cell_799	0.97676	0.000912663	2.39558e-18	0.0175965	0.00473118
Cell_800	0.433108	0.0130035	0.503254	0.00686808	0.0437661
Cell_801	7.63347e-06	0.999991	3.34698e-24	1.2477e-07	7.71373e-07
Cell_802	0.000801585	2.67584e-05	0.00093141	0.998236	4.36709e-06
Cell_803	2.76257e-06	0.999992	3.21e-06	1.84031e-06	2.79161e-07
Cell_804	0.348735	0.0118369	0.405216	0.232313	0.00189993
Cell_805	8.35739e-07	9.15653e-10	3.59922e-24	0.999999	8.44526e-08
Cell_806	2.86336e-05	0.999935	3.32711e-05	4.59848e-07	2.89346e-06
Cell_807	4.72116e-10	1	6.39015e-28	7.49622e-12	4.7708e-11
Cell_808	3.85918e-08	3.28423e-11	6.78679e-28	1	3.89976e-09
Cell_809	0.432302	0.014431	0.502318	0.00726467	0.0436847
Cell_810	1.44305e-07	1.01258e-10	1.29277e-30	1	1.45822e-08
Cell_811	2.95957e-14	8.93487e-16	1	4.76628e-16	2.99069e-15
Cell_812	6.94294e-12	1	9.8245e-29	1.091e-13	2.97375e-14
Cell_813	0.000166714	1.09989e-07	2.27413e-30	0.999816	1.68467e-05
Cell_814	1.12634e-05	8.8936e-09	4.84831e-25	0.999989	5.23456e-08
Cell_815	3.18973e-18	3.24e-21	1	5.0798e-20	3.22327e-19
Cell_816	0.894334	0.000664541	4.7429e-23	0.014628	0.0903736
Cell_817	6.78639e-07	0.999999	2.29292e-28	1.13619e-08	6.85774e-08
Cell_818	0.337483	0.011455	0.392142	0.224817	0.0341031
Cell_819	0.428798	0.0227718	0.498246	0.00685424	0.0433306
Cell_820	6.15006e-13	1.85669e-14	1	9.87683e-15	6.21472e-14
Cell_821	6.93049e-05	0.999929	3.46889e-24	1.08864e-06	3.11582e-07
Cell_822	1.00249e-18	1.02187e-21	1	1.57591e-20	1.01303e-19
Cell_823	0.45803	0.000360387	0.532213	0.00733765	0.00205922
Cell_824	9.38143e-15	1	5.93937e-35	1.4996e-16	5.11107e-17
Cell_825	1.80783e-14	1	8.41327e-43	2.93115e-16	1.82684e-15
Cell_826	3.53925e-17	1	4.11247e-17	8.052e-19	1.71432e-19
Cell_827	2.30994e-14	1	5.38787e-35	3.63123e-16	2.20835e-10
Cell_828	1.59301e-25	1	8.49401e-58	2.50322e-27	1.60976e-26
Cell_829	4.84525e-30	4.14213e-33	1	7.64124e-32	2.07528e-32
Cell_830	0.431961	0.0149532	0.501921	0.00751447	0.0436502
Cell_831	1.31067e-13	3.97615e-15	1	2.18427e-15	5.43491e-16
Cell_832	0.000141165	9.27761e-08	2.0219e-28	0.999844	1.4265e-05
Cell_833	1.25656e-16	3.87387e-18	1	2.31585e-18	5.28728e-19
Cell_834	0.565577	0.000506869	4.96838e-22	0.376764	0.0571523
Cell_835	0.598168	0.000459976	7.93062e-23	0.398475	0.00289737
Cell_836	3.56339e-17	1.46642e-18	1	5.62811e-19	1.72601e-19
Cell_837	0.221286	0.351815	0.257126	0.147412	0.0223613
Cell_838	0.451082	0.0136844	0.524139	0.00919622	0.00189803
Cell_839	8.00473e-09	1	5.06778e-29	1.26538e-10	8.08889e-10
Cell_840	4.54443e-08	7.22503e-08	1	7.14384e-10	2.00798e-10
Cell_841	1.07392e-11	1	4.62497e-29	1.71664e-13	1.08521e-12
Cell_842	3.92791e-23	5.10837e-26	1	6.20919e-25	3.9692e-24
Cell_843	0.258234	0.410557	0.300058	0.00505649	0.0260949
Cell_844	1.60026e-23	1.2398e-26	1	2.78384e-25	1.61708e-24
Cell_845	2.22519e-07	0.999999	2.58558e-07	3.93323e-09	2.24858e-08
Cell_846	0.432626	0.0136917	0.502695	0.00727012	0.0437174
Cell_847	7.96441e-11	1	4.22375e-33	1.2731e-12	4.06353e-13
Cell_848	0.451935	0.0138022	0.525131	0.00725795	0.00187402
Cell_849	0.979036	0.00107103	1.38537e-17	0.0154912	0.00440157
Cell_850	0.00295018	1.9107e-06	1.90159e-29	0.99675	0.000298119
Cell_851	0.423459	0.0340785	0.492043	0.00762868	0.0427911
Cell_852	2.026e-09	1	1.77976e-30	3.20906e-11	2.0473e-10
Cell_853	0.431334	0.0157155	0.501193	0.00817041	0.0435869
Cell_854	0.000240331	1.55434e-07	7.40875e-31	0.999735	2.42858e-05
Cell_855	0.598466	0.000409183	1.86363e-25	0.398673	0.00245176
Cell_856	3.17949e-07	1	4.3371e-33	4.99617e-09	3.21292e-08
Cell_857	0.976917	0.000686689	7.13102e-28	0.0180046	0.00439204
Cell_858	0.565659	0.000361957	5.12544e-32	0.376819	0.0571606
Cell_859	0.22611	0.359484	0.262731	0.150625	0.00105082
Cell_860	6.78466e-13	1	8.99524e-35	1.0896e-14	6.85599e-14
Cell_861	6.322e-11	1	1.86997e-41	9.93422e-13	6.38846e-12
Cell_862	1.25656e-16	1.67658e-19	1	2.018e-18	5.50019e-19
Cell_863	1.01032e-26	8.83632e-30	1	1.58891e-28	4.32734e-29
Cell_864	1.25656e-16	3.80519e-18	1	2.04569e-18	1.26977e-17
Cell_865	0.598353	0.000486183	1.39564e-21	0.398598	0.00256282
Cell_866	4.68909e-21	2.11647e-22	1	7.75874e-23	4.73839e-22
Cell_867	5.93828e-12	1	2.24331e-35	1.03715e-13	6.00071e-13
Cell_868	1.00249e-18	1.01511e-21	1	1.58622e-20	4.507e-21
Cell_869	0.258463	0.410921	0.300323	0.00417561	0.026118
Cell_870	8.22309e-21	1	2.63591e-48	1.29683e-22	3.2999e-16
Cell_871	6.15006e-13	2.8813e-14	1	1.03349e-14	3.3506e-15
Cell_872	1.06314e-09	1	1.23533e-09	1.69608e-11	1.07432e-10
Cell_873	8.09179e-07	0.999999	5.70268e-31	1.32352e-08	8.17686e-08
Cell_874	1.10448e-12	1	1.78818e-36	1.81729e-14	1.1161e-13
Cell_875	0.894934	0.000556789	1.97168e-30	0.0140744	0.0904343
Cell_876	6.17823e-10	1	1.90458e-36	9.70474e-12	2.99258e-12
Cell_877	0.587634	0.0175543	2.21991e-24	0.391457	0.00335478
Cell_878	3.89392e-09	1	6.30433e-33	6.20125e-11	3.93486e-10
Cell_879	0.430532	0.018786	0.500262	0.00691423	0.0435059
Cell_880	5.21977e-25	3.75478e-28	1	8.85734e-27	2.04377e-27
Cell_881	0.565509	0.000626538	8.26513e-20	0.376719	0.0571455
Cell_882	5.85613e-05	0.999867	6.80459e-05	9.63002e-07	5.9177e-06
Cell_883	2.86921e-06	8.8455e-08	3.33391e-06	0.999993	2.89937e-07
Cell_884	3.92791e-23	3.78962e-26	1	6.36857e-25	3.9692e-24
Cell_885	0.59821	0.000598004	8.09684e-19	0.398503	0.00268944
Cell_886	0.446311	0.0253265	0.518596	0.00788897	0.00187796
Cell_887	2.12315e-07	1	4.58727e-30	1.41436e-07	2.14548e-08
Cell_888	0.433112	0.0130583	0.50326	0.00680331	0.0437666
Cell_889	3.70718e-20	3.42666e-23	1	5.93892e-22	3.74616e-21
Cell_890	5.40199e-12	1	6.2769e-12	8.55642e-14	5.45878e-13
Cell_891	4.95927e-08	1	5.76247e-08	8.26476e-10	5.0114e-09
Cell_892	0.975407	0.000638739	1.45496e-27	0.0196851	0.00426952
Cell_893	3.76667e-12	1	5.09823e-30	6.46789e-14	3.80627e-13
Cell_894	4.68909e-21	3.61265e-24	1	7.40026e-23	2.27128e-23
Cell_895	1.25656e-16	3.77986e-18	1	2.00859e-18	1.26977e-17
Cell_896	0.433137	0.0129516	0.503289	0.00685347	0.0437691
Cell_897	1.09453e-11	8.52135e-15	9.61505e-33	1	1.10604e-12
Cell_898	1.31067e-13	3.98407e-15	1	2.07841e-15	5.89253e-16
Cell_899	0.565626	0.000420847	2.99967e-23	0.376796	0.0571572
Cell_900	4.19044e-14	1	1.41582e-35	6.578e-16	4.23449e-15
Cell_901	2.98922e-09	9.29406e-11	3.47336e-09	1	3.02065e-10
Cell_902	0.432579	0.0142372	0.502639	0.00683226	0.0437126
Cell_903	0.431737	0.0131527	0.501661	0.00982226	0.0436276
Cell_904	8.16512e-13	1	9.48754e-13	1.29196e-14	8.25096e-14
Cell_905	0.000733895	0.998398	0.000852757	1.15368e-05	3.5548e-06
Cell_906	0.894711	0.000650773	1.44855e-24	0.0142263	0.0904118
Cell_907	0.451458	0.0145282	0.524577	0.00725029	0.00218675
Cell_908	3.15739e-12	1	2.03516e-38	5.26189e-14	3.19059e-13
Cell_909	0.337313	0.0119526	0.391944	0.224704	0.0340859
Cell_910	0.451143	0.0139638	0.524211	0.00883385	0.00184821
Cell_911	4.73293e-07	0.999999	5.49948e-07	3.15288e-07	4.78269e-08
Cell_912	0.893971	0.000900488	1.21e-18	0.014792	0.0903369
Cell_913	0.979504	0.00064239	1.33613e-26	0.0158813	0.00397243
Cell_914	4.86537e-07	0.999999	6.6368e-33	7.88853e-09	4.91652e-08
Cell_915	0.56564	0.000395473	9.15781e-25	0.376806	0.0571587
Cell_916	0.264501	0.42052	0.307339	0.00648178	0.00115777
Cell_917	0.977624	0.00109597	1.71926e-20	0.0162924	0.00498794
Cell_918	1.87304e-05	1.46509e-08	4.3688e-26	0.999979	1.89273e-06
Cell_919	3.14979e-17	1	9.70993e-44	4.95146e-19	3.1829e-18
Cell_920	0.000332859	0.999241	0.000386769	5.41896e-06	3.36359e-05
Cell_921	0.000160771	1.07953e-07	2.00425e-33	0.000107099	0.999732
Cell_922	0.000244808	7.57729e-06	0.000284458	0.999462	1.13772e-06
Cell_923	0.565658	0.000363047	4.12903e-28	0.376818	0.0571605
Cell_924	3.54885e-09	1	5.18678e-28	5.91426e-11	3.58616e-10
Cell_925	0.976362	0.000761822	3.29883e-22	0.0181474	0.00472925
Cell_926	3.18973e-18	3.39396e-21	1	5.54892e-20	3.22327e-19
Cell_927	2.86919e-05	0.999968	2.57038e-28	4.51036e-07	2.89935e-06
Cell_928	2.67055e-13	1	1.41626e-35	4.19488e-15	1.60988e-15
Cell_929	0.43192	0.0157369	0.501875	0.00682187	0.0436461
Cell_930	2.23705e-12	1	3.05153e-38	3.60268e-14	1.03964e-14
Cell_931	3.08347e-13	1	9.60193e-38	4.84929e-15	3.11588e-14
Cell_932	0.951752	0.0284747	1.00761e-21	0.0154946	0.0042789
Cell_933	0.556224	0.0170345	1.29738e-21	0.370534	0.0562072
Cell_934	0.893297	0.000894021	3.91676e-19	0.01554	0.0902689
Cell_935	0.000166681	6.8593e-06	0.000193677	0.999616	1.68433e-05
Cell_936	0.565546	0.000561957	9.94573e-21	0.376743	0.0571491
Cell_937	0.598063	0.000480385	1.39496e-21	0.398405	0.00305138
Cell_938	1.5182e-08	1	4.43778e-34	2.38764e-10	1.53416e-09
Cell_939	0.449671	0.0142414	0.522501	0.0110195	0.00256715
Cell_940	3.64271e-08	1	1.59719e-26	6.88772e-10	3.68101e-09
Cell_941	1.02452e-11	1	1.19045e-11	1.68476e-13	1.03529e-12
Cell_942	1.77649e-05	1.36053e-08	6.00223e-27	2.92132e-07	0.999982
Cell_943	3.16082e-14	1	2.77666e-35	4.9688e-16	3.19405e-15
Cell_944	1.0825e-19	9.91254e-23	1	1.6998e-21	1.09388e-20
Cell_945	0.597873	0.000591161	8.73814e-20	0.398278	0.00325725
Cell_946	0.428989	0.0219131	0.498468	0.00727944	0.0433499
Cell_947	0.297878	0.473586	2.00115e-37	0.198434	0.030101
Cell_948	0.968668	0.000602465	1.20759e-29	0.0259956	0.00473401
Cell_949	1.47534e-13	1	2.59454e-33	2.34955e-15	8.03775e-16
Cell_950	4.34459e-06	2.64391e-09	1.24173e-37	0.999995	4.39027e-07
Cell_951	0.349366	0.0104806	0.40595	0.232733	0.00147004
Cell_952	5.77204e-07	0.999999	5.07052e-28	1.00411e-08	5.83272e-08
Cell_953	0.8945	0.000780148	1.21072e-18	0.0143299	0.0903904
Cell_954	0.978845	0.000743723	5.19109e-23	0.0160103	0.00440071
Cell_955	6.30095e-12	1	5.53515e-33	1.08147e-13	2.69878e-14
Cell_956	0.894038	0.000719085	2.08531e-21	0.0148994	0.0903437
Cell_957	0.43272	0.0138011	0.502803	0.00694936	0.0437269
Cell_958	1.90365e-06	0.999998	1.7054e-29	3.19902e-08	8.55848e-09
Cell_959	7.7159e-06	7.71324e-09	1.04436e-23	0.999991	7.79702e-07
Cell_960	0.893972	0.000667798	1.93151e-23	0.0150229	0.0903371
Cell_961	7.76999e-06	0.999982	9.02843e-06	1.7701e-07	7.85168e-07
Cell_962	0.894559	0.000592831	2.61484e-26	0.0144521	0.0903964
Cell_963	0.893739	0.00105325	1.26467e-17	0.0148944	0.0903135
Cell_964	6.21846e-06	0.999986	7.22561e-06	1.02893e-07	6.28384e-07
Cell_965	3.25126e-22	2.44731e-25	1	5.74691e-24	1.77131e-24
Cell_966	1.60026e-23	6.27028e-25	1	2.51561e-25	8.71832e-26
Cell_967	1.64933e-11	5.36306e-13	1	1.09872e-11	1.66667e-12
Cell_968	0.892628	0.000719094	2.08203e-21	0.0164512	0.0902013
Cell_969	1.30604e-14	1	1.17003e-37	2.13621e-16	1.31977e-15
Cell_970	0.978317	0.000641493	7.14124e-28	0.0157115	0.00532994
Cell_971	5.06501e-06	4.10288e-09	4.44942e-27	0.999994	5.11826e-07
Cell_972	3.56339e-17	1.17279e-18	1	5.68483e-19	3.60085e-18
Cell_973	1.30072e-08	1	8.25327e-34	2.04473e-10	1.3144e-09
Cell_974	2.61738e-17	1	3.90419e-44	4.14578e-19	2.6449e-18
Cell_975	2.79798e-24	2.43344e-27	1	5.15669e-26	2.8274e-25
Cell_976	7.5691e-13	1	1.03249e-38	1.29972e-14	7.64868e-14
Cell_977	1.25656e-16	1.26886e-19	1	2.00859e-18	1.26977e-17
Cell_978	5.78658e-18	1	3.78548e-47	9.4054e-20	3.48831e-20
Cell_979	9.33592e-13	1	1.0848e-12	1.46702e-14	9.43407e-14
Cell_980	2.49186e-05	2.17874e-08	5.81218e-26	4.05675e-07	0.999975
Cell_981	4.24778e-11	1	4.93575e-11	6.84088e-13	1.76141e-13
Cell_982	0.337059	0.0126968	0.391649	0.224535	0.0340603
Cell_983	1.00249e-18	9.91682e-22	1	1.58971e-20	1.01303e-19
Cell_984	0.977428	0.000694303	3.04372e-25	0.0165524	0.0053251
Cell_985	7.11702e-12	1	1.66002e-32	1.12859e-13	3.4473e-14
Cell_986	3.25255e-14	1	3.77934e-14	5.10574e-16	3.28675e-15
Cell_987	1.39255e-08	1	2.44895e-28	2.2364e-10	6.26066e-11
Cell_988	1.30252e-20	1.15484e-23	1	2.34652e-22	5.85591e-23
Cell_989	0.432301	0.0140569	0.502316	0.00764132	0.0436846
Cell_990	7.60684e-08	1	1.08952e-31	1.2364e-09	7.68682e-09
Cell_991	0.976734	0.000654883	6.29573e-27	0.0185015	0.00410984
Cell_992	1.16892e-07	1	1.23926e-12	1.83755e-09	1.18121e-08
Cell_993	0.337313	0.0119526	0.391944	0.224704	0.0340859
Cell_994	0.432745	0.0138019	0.502832	0.00689166	0.0437294
Cell_995	0.428743	0.0227689	0.498183	0.00697996	0.0433251
Cell_996	5.14433e-14	1	1.1999e-34	8.17969e-16	5.19841e-15
Cell_997	1.00845e-15	1	1.6327e-39	1.59415e-17	1.01906e-16
Cell_998	0.000559543	1.89923e-05	0.000650167	0.998715	5.65426e-05
Cell_999	0.43306	0.0130567	0.503199	0.00692238	0.0437613
Cell_1000	1.1869e-13	1	7.51425e-34	2.14298e-15	1.19938e-14
Cell_1001	5.96076e-10	1	6.92616e-10	9.47784e-12	6.02342e-11
Cell_1002	0.000394955	4.38776e-07	5.34577e-22	0.000263103	0.999342
Cell_1003	0.565536	0.00057877	2.47966e-19	0.376737	0.0571482
Cell_1004	2.29457e-09	1	4.95763e-32	4.05587e-11	1.11143e-11
Cell_1005	4.75065e-12	1	5.52007e-12	7.70254e-14	4.8006e-13
Cell_1006	3.91824e-06	0.999993	9.13916e-27	2.61017e-06	3.95943e-07
Cell_1007	1.76165e-15	5.6691e-17	1	2.77474e-17	1.78017e-16
Cell_1008	0.893483	0.00106845	8.00432e-24	0.0151614	0.0902876
Cell_1009	0.894765	0.000686037	5.66474e-21	0.0141322	0.0904172
Cell_1010	9.66062e-12	1	4.16047e-29	1.52254e-13	9.76219e-13
Cell_1011	3.56339e-17	4.07816e-20	1	5.75686e-19	1.52624e-19
Cell_1012	1.82159e-14	1	1.28376e-38	2.8624e-16	1.84074e-15
Cell_1013	0.97861	0.000798165	8.59672e-22	0.0161924	0.00439965
Cell_1014	1.04805e-17	3.27538e-19	1	1.79884e-19	1.05907e-18
Cell_1015	1.91888e-08	1	2.71529e-25	3.74828e-10	1.93906e-09
Cell_1016	1.48353e-12	1	9.39224e-33	2.34738e-14	6.07765e-15
Cell_1017	4.79244e-06	1.44318e-07	5.56863e-06	0.999989	4.84283e-07
Cell_1018	0.431596	0.012893	0.501497	0.0104004	0.0436133
Cell_1019	4.61284e-13	1	1.36442e-43	7.2485e-15	4.66134e-14
Cell_1020	5.17306e-17	1	6.44901e-46	8.55954e-19	5.22745e-18
Cell_1021	0.978657	0.00117617	5.47698e-06	0.015613	0.0045482
Cell_1022	0.000511558	1.58337e-05	0.000594411	0.998827	5.16936e-05
Cell_1023	2.13208e-13	1	2.82675e-35	3.35306e-15	2.15449e-14
Cell_1024	1.38851e-06	0.999998	1.9648e-23	2.2078e-08	1.40311e-07
Cell_1025	6.15006e-13	2.79277e-14	1	4.09692e-13	6.21472e-14
Cell_1026	0.00427392	0.000138973	0.00496613	0.990603	1.77225e-05
Cell_1027	4.53604e-10	1	5.2707e-10	3.02172e-10	4.58373e-11
Cell_1028	8.50794e-07	6.93917e-10	1.98445e-27	0.999999	8.59738e-08
Cell_1029	3.56774e-12	1	1.20543e-33	5.60626e-14	3.60525e-13
Cell_1030	7.04661e-15	2.15803e-16	1	1.14251e-16	3.16803e-17
Cell_1031	2.26614e-08	1	2.63316e-08	3.67423e-10	1.01881e-10
Cell_1032	3.83609e-05	1.15979e-06	4.45738e-05	0.999912	3.87642e-06
Cell_1033	2.30641e-25	1.55555e-28	1	4.25072e-27	2.33066e-26
Cell_1034	4.53569e-19	1	5.2703e-19	7.1301e-21	4.58338e-20
Cell_1035	1.12058e-05	0.999974	1.30207e-05	1.9015e-07	1.13236e-06
Cell_1036	0.451282	0.0142307	0.524371	0.00765772	0.00245861
Cell_1037	0.431056	0.0177389	0.50087	0.0067762	0.0435588
Cell_1038	2.50246e-22	1.85724e-25	1	3.95961e-24	2.52877e-23
Cell_1039	0.431538	0.0166024	0.50143	0.0068217	0.0436075
Cell_1040	0.971809	0.000787208	2.26671e-21	0.0221092	0.00529448
Cell_1041	1.00249e-18	9.12026e-22	1	1.7509e-20	1.01303e-19
Cell_1042	0.952002	0.0286087	2.93476e-27	0.0149655	0.00442432
Cell_1043	0.43066	0.0161874	0.50041	0.00922332	0.0435188
Cell_1044	5.65534e-08	1	9.1561e-32	8.8902e-10	5.7148e-09
Cell_1045	1.00712e-24	1	1.63054e-48	1.59909e-26	1.01771e-25
Cell_1046	0.89101	0.00150487	1.20599e-18	0.0174469	0.0900378
Cell_1047	0.258487	0.410959	0.300351	0.00408261	0.0261204
Cell_1048	0.349024	0.0114872	0.405553	0.232506	0.00142986
Cell_1049	1.3531e-18	1	3.95518e-44	2.41326e-20	1.36733e-19
Cell_1050	0.970047	0.000896642	1.31297e-18	0.0237717	0.00528488
Cell_1051	3.37725e-10	1	3.92423e-10	5.31132e-12	3.41276e-11
Cell_1052	0.598122	0.00038274	4.366e-28	0.398444	0.00305168
Cell_1053	0.451996	0.0135594	0.525202	0.0072109	0.00203209
Cell_1054	7.39736e-06	0.999992	1.59827e-28	1.16937e-07	4.03013e-08
Cell_1055	0.000101599	0.999896	1.43765e-21	1.9894e-06	5.53516e-07
Cell_1056	0.000243454	1.98564e-07	5.67848e-25	0.999732	2.46013e-05
Cell_1057	0.432526	0.013919	0.502579	0.00726844	0.0437074
Cell_1058	8.8825e-13	1	4.71063e-35	1.46703e-14	8.97588e-14
Cell_1059	0.97603	0.0010682	4.27951e-19	0.0166381	0.00626402
Cell_1060	2.89314e-08	1	3.36171e-08	4.54997e-10	1.19969e-10
Cell_1061	1.30252e-20	1.16666e-23	1	2.26589e-22	5.85591e-23
Cell_1062	0.971014	0.00067822	6.84321e-25	0.0237954	0.00451268
Cell_1063	2.50246e-22	1.92127e-25	1	3.94156e-24	1.09537e-24
Cell_1064	3.56339e-17	1.55486e-18	1	5.93849e-19	3.60085e-18
Cell_1065	0.598238	0.000550883	8.09722e-19	0.398522	0.00268957
Cell_1066	0.892174	0.00077036	3.01439e-22	0.0168997	0.0901554
Cell_1067	9.35151e-05	0.999895	1.26574e-22	2.29165e-06	9.44983e-06
Cell_1068	1.51517e-08	1	2.14401e-25	2.38794e-10	7.33909e-11
Cell_1069	3.45009e-18	1	2.25699e-47	5.70864e-20	1.45171e-20
Cell_1070	6.13969e-08	1	8.97338e-27	1.0232e-09	6.20423e-09
Cell_1071	3.70718e-20	3.27381e-23	1	6.09622e-22	3.74616e-21
Cell_1072	0.894633	0.000596134	2.61505e-26	0.0143675	0.0904038
Cell_1073	0.337645	0.010979	0.392331	0.224925	0.0341195
Cell_1074	2.18445e-15	1	4.0398e-45	3.60783e-17	1.18948e-17
Cell_1075	0.979653	0.000683067	3.05065e-25	0.0156014	0.0040623
Cell_1076	0.432749	0.0135242	0.502837	0.00716042	0.0437298
Cell_1077	5.09924e-11	1	7.45274e-30	8.169e-13	2.29253e-13
Cell_1078	0.337911	0.0102014	0.392639	0.225102	0.0341463
Cell_1079	5.41783e-20	1	7.66641e-37	8.53862e-22	2.51788e-22
Cell_1080	0.978173	0.000892306	1.42964e-19	0.0156052	0.00532915
Cell_1081	0.369416	0.587321	8.61651e-22	0.00593272	0.03733
Cell_1082	0.258492	0.410968	0.300358	0.00406039	0.026121
Cell_1083	0.369314	0.58716	1.5905e-18	0.00620619	0.0373197
Cell_1084	0.337547	0.0112679	0.392216	0.22486	0.0341095
Cell_1085	6.23546e-15	1	1.00953e-38	9.96727e-17	6.30102e-16
Cell_1086	7.04661e-15	2.21516e-16	1	1.1222e-16	7.12069e-16
Cell_1087	0.893084	0.000883057	1.30528e-19	0.0157861	0.0902473
Cell_1088	2.15512e-09	1	5.2856e-27	3.49423e-11	1.04389e-11
Cell_1089	0.893972	0.000865022	1.30657e-19	0.0148259	0.0903371
Cell_1090	0.974418	0.000612795	2.33608e-29	0.0208688	0.00410009
Cell_1091	6.15006e-13	1.99978e-14	1	1.06988e-14	2.97893e-15
Cell_1092	0.449622	0.0137697	0.522443	0.012075	0.00208957
Cell_1093	0.349308	0.0105455	0.405882	0.232694	0.00157042
Cell_1094	1.0825e-19	1.02589e-22	1	1.75512e-21	1.09388e-20
Cell_1095	0.893288	0.00090454	1.20907e-18	0.0155398	0.0902679
Cell_1096	0.432235	0.0144288	0.50224	0.00741871	0.0436779
Cell_1097	0.431185	0.0169065	0.50102	0.00731671	0.0435718
Cell_1098	0.432828	0.0134574	0.50293	0.00704647	0.0437379
Cell_1099	5.93606e-13	1	1.38457e-33	9.42522e-15	3.23401e-15
Cell_1100	3.24749e-19	2.99579e-22	1	5.10303e-21	1.26733e-21
Cell_1101	0.598484	0.000440828	2.0221e-22	0.398685	0.00238953
Cell_1102	0.349082	0.0108536	0.405619	0.232544	0.00190182
Cell_1103	0.565652	0.000374907	7.71599e-27	0.376814	0.0571598
Cell_1104	1.52532e-11	1	1.77237e-11	2.40118e-13	8.31007e-14
Cell_1105	4.24778e-11	1	4.93575e-11	7.82866e-13	4.29243e-12
Cell_1106	1.35745e-07	1	1.5773e-07	2.23224e-09	6.57514e-10
Cell_1107	0.00149655	4.70452e-05	0.00173893	0.99671	7.63555e-06
Cell_1108	0.871874	0.0260849	2.68775e-27	0.0139367	0.0881041
Cell_1109	0.00293984	8.97834e-05	0.00341598	0.993257	0.000297075
Cell_1110	1.25656e-16	1.28086e-19	1	3.18487e-18	1.26977e-17
Cell_1111	1.60026e-23	1.22623e-26	1	2.63152e-25	7.75125e-26
Cell_1112	2.09134e-09	1	2.43005e-09	3.3091e-11	2.11333e-10
Cell_1113	1.30888e-11	1	4.03493e-38	2.05599e-13	1.32264e-12
Cell_1114	5.49394e-08	1	6.38375e-08	9.09048e-10	2.99314e-10
Cell_1115	1.0825e-19	4.88597e-21	1	1.71461e-21	5.89752e-22
Cell_1116	0.448816	0.0138366	0.521507	0.0138224	0.0020178
Cell_1117	1.02158e-09	1	1.49308e-28	1.71034e-11	1.03232e-10
Cell_1118	0.97834	0.00083391	6.19386e-21	0.0170194	0.00380696
Cell_1119	0.382975	0.608879	0.000199098	0.00601576	0.00193097
Cell_1120	0.429732	0.0187511	0.499331	0.00876095	0.043425
Cell_1121	2.19196e-09	1	6.82579e-34	3.44725e-11	2.21501e-10
Cell_1122	0.258311	0.410679	0.300147	0.00476067	0.0261026
Cell_1123	0.894454	0.000540625	2.55645e-32	0.0146199	0.0903857
Cell_1124	3.56743e-07	1	2.91441e-15	5.83098e-09	3.60493e-08
Cell_1125	8.56352e-14	1	1.54629e-41	1.34619e-15	8.65356e-15
Cell_1126	0.258276	0.410625	0.300107	0.00489232	0.0260992
Cell_1127	0.451949	0.0136099	0.525147	0.00710464	0.00218913
Cell_1128	0.977715	0.000664505	6.20375e-26	0.0162939	0.00532666
Cell_1129	1.13246e-16	1	1.83348e-40	1.78273e-18	1.14437e-17
Cell_1130	0.337716	0.0107711	0.392413	0.224973	0.0341267
Cell_1131	4.69958e-26	3.19246e-29	1	7.5685e-28	4.74899e-27
Cell_1132	0.894342	0.000576637	6.52827e-28	0.0147069	0.0903745
Cell_1133	0.565573	0.000514537	2.83084e-20	0.376761	0.0571519
Cell_1134	5.45353e-05	4.64844e-08	9.59062e-25	0.999945	2.33582e-07
Cell_1135	6.15006e-13	2.17925e-14	1	1.08708e-14	6.21472e-14
Cell_1136	0.598337	0.000512041	1.3956e-21	0.398588	0.00256276
Cell_1137	0.433049	0.0131373	0.503186	0.00686715	0.0437602
Cell_1138	0.565422	0.000779983	3.92045e-16	0.376661	0.0571367
Cell_1139	1.25656e-16	4.72309e-18	1	2.05527e-18	6.84584e-19
Cell_1140	0.337059	0.0126968	0.391649	0.224535	0.0340603
Cell_1141	0.894147	0.000597451	5.6735e-26	0.0149012	0.0903547
Cell_1142	8.47817e-06	3.48896e-07	9.8513e-06	0.99998	8.5673e-07
Cell_1143	6.54935e-13	1	2.03947e-37	1.031e-14	3.34155e-15
Cell_1144	6.15006e-13	1.85e-14	1	9.74132e-15	6.21472e-14
Cell_1145	0.00034624	1.08207e-05	0.000402317	0.999239	1.55663e-06
Cell_1146	0.258454	0.410907	0.300314	0.00420765	0.0261171
Cell_1147	1.77809e-11	1	2.06607e-11	2.79515e-13	9.68715e-14
Cell_1148	2.35323e-06	7.4475e-08	1.24798e-28	0.999998	1.13985e-08
Cell_1149	1.64933e-11	5.08475e-13	1	2.74866e-13	7.6651e-14
Cell_1150	1.25656e-16	3.78852e-18	1	2.3802e-18	1.26977e-17
Cell_1151	2.50246e-22	2.13956e-25	1	6.13245e-24	2.52877e-23
Cell_1152	0.450449	0.0159615	0.523404	0.00773133	0.00245408
Cell_1153	0.597975	0.000420326	4.36493e-28	0.398347	0.00325781
Cell_1154	0.565649	0.00038002	3.05778e-31	0.376812	0.0571595
Cell_1155	0.382987	0.608898	4.0378e-34	0.00625995	0.00185509
Cell_1156	0.00424068	0.000154508	0.00492751	0.990249	0.000428527
Cell_1157	3.80976e-23	1	1.17444e-49	6.17704e-25	1.56076e-25
Cell_1158	0.258408	0.410834	0.30026	0.00438489	0.0261125
Cell_1159	0.336884	0.013209	0.391446	0.224418	0.0340426
Cell_1160	0.258478	0.410945	0.300341	0.00411638	0.0261195
Cell_1161	1.00249e-18	9.39793e-22	1	1.64852e-20	1.01303e-19
Cell_1162	0.43233	0.013442	0.502351	0.00818928	0.0436876
Cell_1163	0.432264	0.0146721	0.502274	0.0071083	0.0436809
Cell_1164	1.72756e-21	6.29431e-23	1	3.11915e-23	1.74572e-22
Cell_1165	1.44519e-15	1	7.23354e-35	2.42858e-17	1.46038e-16
Cell_1166	0.34918	0.0105741	0.405734	0.23261	0.00190236
Cell_1167	0.000733842	0.998327	0.000852696	1.26011e-05	7.41557e-05
Cell_1168	1.31067e-13	2.08379e-13	1	2.22405e-15	7.14061e-16
Cell_1169	0.451231	0.0136889	0.524312	0.00883556	0.00193268
Cell_1170	2.80606e-14	1	6.54504e-35	4.64301e-16	2.83556e-15
Cell_1171	0.432555	0.0135977	0.502612	0.00752481	0.0437103
Cell_1172	0.565482	0.00067422	8.26474e-20	0.376701	0.0571427
Cell_1173	4.6074e-16	1.63261e-17	1	7.38106e-18	4.65584e-17
Cell_1174	0.894535	0.00077196	5.66329e-21	0.014299	0.090394
Cell_1175	7.04661e-15	2.56741e-16	1	1.1222e-16	7.12069e-16
Cell_1176	0.858722	0.034967	2.90136e-22	0.0195364	0.086775
Cell_1177	4.06145e-06	0.999991	4.71925e-06	6.41477e-08	1.73957e-08
Cell_1178	4.83132e-20	1	3.52663e-47	7.5981e-22	4.88211e-21
Cell_1179	0.432726	0.0135235	0.502811	0.00721151	0.0437276
Cell_1180	6.1092e-08	8.65005e-11	1.42495e-28	1	2.74658e-10
Cell_1181	0.00245079	9.2119e-05	0.00284773	0.994362	0.000247656
Cell_1182	6.31222e-05	4.09279e-08	1.94588e-31	0.99993	6.37858e-06
Cell_1183	8.96975e-14	1	1.938e-36	1.4128e-15	4.03264e-16
Cell_1184	0.56564	0.000394722	9.15781e-25	0.376806	0.0571587
Cell_1185	0.00020863	0.999787	7.88142e-28	3.30112e-06	8.23661e-07
Cell_1186	0.349101	0.0110085	0.405642	0.232557	0.00169096
Cell_1187	6.91586e-11	1	2.13491e-43	1.08764e-12	3.21407e-13
Cell_1188	1.30252e-20	1.22399e-23	1	2.06097e-22	5.85591e-23
Cell_1189	3.58245e-11	1	2.61501e-38	6.25695e-13	3.62011e-12
Cell_1190	0.428518	0.021889	0.497921	0.0083705	0.0433023
Cell_1191	0.893397	0.000989812	1.30573e-19	0.0153339	0.090279
Cell_1192	9.22911e-10	1	3.11824e-31	1.54515e-11	9.32614e-11
Cell_1193	0.337894	0.0102506	0.39262	0.225091	0.0341446
Cell_1194	1.28927e-09	1	1.92312e-36	8.58857e-10	5.64335e-12
Cell_1195	0.432847	0.0135273	0.502951	0.00693422	0.0437398
Cell_1196	0.221286	0.351815	0.257126	0.147412	0.0223613
Cell_1197	2.16821e-06	1.44618e-09	2.95763e-32	0.999998	2.191e-07
Cell_1198	3.7085e-05	0.999959	5.0195e-23	5.8253e-07	3.74749e-06
Cell_1199	3.70718e-20	3.57023e-23	1	5.92586e-22	3.74616e-21
Cell_1200	0.894533	0.000569746	3.09806e-30	0.0145036	0.0903937
Cell_1201	0.446941	0.0228301	0.519328	0.00846604	0.00243496
Cell_1202	4.88135e-09	2.96225e-12	7.91838e-41	1	2.65939e-11
Cell_1203	1.95574e-12	1	2.27249e-12	3.12008e-14	1.9763e-13
Cell_1204	3.70718e-20	5.97235e-23	1	7.55785e-22	3.74616e-21
Cell_1205	1.25656e-16	1.63056e-19	1	2.00859e-18	1.26977e-17
Cell_1206	1.29216e-05	0.999987	2.79184e-28	2.05783e-07	5.80934e-08
Cell_1207	0.565622	0.000427607	5.06716e-24	0.376794	0.0571568
Cell_1208	0.42854	0.0186991	0.497947	0.0115088	0.0433046
Cell_1209	5.3768e-10	1	2.85146e-32	8.4642e-12	5.43332e-11
Cell_1210	3.70718e-20	3.25758e-23	1	6.83235e-22	2.0197e-22
Cell_1211	2.49204e-09	7.50448e-11	2.89566e-09	1	2.51824e-10
Cell_1212	4.58381e-23	1	5.3262e-23	7.58454e-25	2.49729e-25
Cell_1213	0.451817	0.0135342	0.524993	0.0077548	0.00190113
Cell_1214	2.43766e-05	0.999947	2.83247e-05	3.83365e-07	9.6238e-08
Cell_1215	0.000214771	0.999509	0.000249556	4.88617e-06	2.17029e-05
Cell_1216	2.31525e-10	0.999973	3.38383e-29	3.79632e-12	2.70129e-05
Cell_1217	0.221286	0.351815	0.257126	0.147412	0.0223613
Cell_1218	1.09435e-08	1	1.2716e-08	1.75316e-10	1.10586e-09
Cell_1219	0.258336	0.410719	0.300176	0.00466432	0.0261052
Cell_1220	1.0825e-19	1.04176e-22	1	1.72122e-21	1.09388e-20
Cell_1221	3.07503e-12	9.59063e-14	1	4.8286e-14	3.10736e-13
Cell_1222	0.892526	0.000833771	4.30789e-07	0.0164493	0.0901909
Cell_1223	2.50996e-16	1	1.3311e-38	3.94735e-18	2.53635e-17
Cell_1224	2.15512e-09	1	3.0084e-34	3.39875e-11	8.33046e-12
Cell_1225	0.000314096	9.6493e-06	0.000364967	0.99928	3.17398e-05
Cell_1226	3.37564e-05	3.37838e-08	4.93362e-24	0.999963	3.41113e-06
Cell_1227	0.451906	0.0136628	0.525097	0.00735704	0.00197807
Cell_1228	1.00249e-18	1.28057e-21	1	1.58971e-20	1.01303e-19
Cell_1229	0.598287	0.0006776	8.92429e-28	0.398554	0.0024809
Cell_1230	1.26673e-15	1	1.72794e-41	2.12869e-17	1.28005e-16
Cell_1231	0.3379	0.0102325	0.392627	0.225095	0.0341453
Cell_1232	1.25656e-16	3.82808e-18	1	2.85875e-18	6.41112e-19
Cell_1233	7.04661e-15	2.12454e-16	1	1.13483e-16	7.12069e-16
Cell_1234	3.07503e-12	1.2057e-13	1	4.84632e-14	3.10736e-13
Cell_1235	1.87832e-05	1.65798e-08	9.40149e-25	0.999979	1.89807e-06
Cell_1236	2.79798e-24	1.97288e-27	1	4.49348e-26	2.8274e-25
Cell_1237	4.17153e-15	1	5.64622e-33	6.58863e-17	4.21539e-16
Cell_1238	4.57883e-06	4.24255e-09	1.42585e-30	0.999995	4.62697e-07
Cell_1239	1.01067e-19	1	4.35256e-37	1.591e-21	1.02129e-20
Cell_1240	0.894924	0.000579603	6.53252e-28	0.0140626	0.0904333
Cell_1241	0.431569	0.0162569	0.501466	0.00709687	0.0436106
Cell_1242	0.000205453	0.999532	0.000238728	3.33114e-06	2.07613e-05
Cell_1243	0.000511584	1.53353e-05	0.00059444	0.998876	2.61016e-06
Cell_1244	6.75585e-29	4.44238e-32	1	1.17526e-30	6.82687e-30
Cell_1245	1.78912e-16	1	2.61487e-35	2.92634e-18	9.12829e-19
Cell_1246	0.349155	0.0108559	0.405705	0.232593	0.00169122
Cell_1247	1.04805e-17	1.03955e-20	1	2.0522e-19	5.70987e-20
Cell_1248	0.565658	0.000363955	4.12903e-28	0.376818	0.0571605
Cell_1249	0.894937	0.000565629	3.3009e-34	0.0140628	0.0904346
Cell_1250	0.598216	0.000658983	2.57629e-18	0.398507	0.00261849
Cell_1251	1.76165e-15	8.25333e-17	1	2.88141e-17	1.78017e-16
Cell_1252	0.000268514	0.999726	1.15639e-21	4.29215e-06	1.20719e-06
Cell_1253	0.433082	0.0131383	0.503224	0.00679279	0.0437635
Cell_1254	0.431251	0.0152812	0.501097	0.00879193	0.0435785
Cell_1255	4.6074e-16	1.89605e-17	1	7.44352e-18	4.65584e-17
Cell_1256	1.30252e-20	1.16245e-23	1	2.18884e-22	1.31622e-21
Cell_1257	0.265014	0.421337	0.307936	0.00426796	0.00144382
Cell_1258	6.87182e-19	1	5.0161e-46	1.09629e-20	3.08945e-21
Cell_1259	0.893101	0.000863032	4.73636e-23	0.0157864	0.0902491
Cell_1260	3.24749e-19	3.19616e-22	1	5.24651e-21	3.28164e-20
Cell_1261	0.451214	0.0141843	0.524294	0.00784941	0.00245825
Cell_1262	1.25656e-16	1.38738e-19	1	2.018e-18	1.26977e-17
Cell_1263	2.80808e-06	0.967475	3.26288e-06	4.42051e-08	0.0325194
Cell_1264	3.25081e-11	1	4.40001e-29	5.18616e-13	1.39236e-13
Cell_1265	1.12837e-17	1	5.25117e-46	1.77379e-19	1.14023e-18
Cell_1266	9.32763e-06	0.99998	1.08383e-05	1.48547e-07	4.08287e-08
Cell_1267	1.44083e-08	1	2.60167e-36	2.26499e-10	1.45598e-09
Cell_1268	1.37301e-05	0.999986	1.94286e-22	2.17727e-07	7.48025e-08
Cell_1269	2.08362e-11	0.999987	3.10802e-38	3.27545e-13	1.29991e-05
Cell_1270	0.000202947	6.16904e-06	0.000235817	0.999554	8.6925e-07
Cell_1271	2.76258e-06	0.999997	3.90915e-23	4.34278e-08	2.79163e-07
Cell_1272	3.51798e-12	1	1.03317e-37	5.53264e-14	3.55496e-13
Cell_1273	8.09179e-07	0.999998	9.40234e-07	1.29631e-08	3.46582e-09
Cell_1274	7.04661e-15	2.19092e-16	1	1.12887e-16	3.08442e-17
Cell_1275	0.452161	0.0136014	0.525394	0.00712617	0.00171697
Cell_1276	9.60919e-08	1	2.98095e-26	1.53031e-09	9.71021e-09
Cell_1277	9.78155e-07	0.999999	3.30489e-28	1.54626e-08	9.88438e-08
Cell_1278	0.000134707	0.999693	0.000156525	2.12302e-06	1.36124e-05
Cell_1279	0.432616	0.0133372	0.502683	0.0076469	0.0437165
Cell_1280	1.70224e-09	1	4.08095e-38	2.69342e-11	1.72013e-10
Cell_1281	0.597953	0.000590612	8.09336e-19	0.398332	0.00312477
Cell_1282	3.05827e-06	0.999993	3.55359e-06	4.83905e-08	1.4213e-08
Cell_1283	0.894132	0.000811865	1.30681e-19	0.0147034	0.0903532
Cell_1284	0.894885	0.000598566	8.16263e-29	0.0140874	0.0904293
Cell_1285	1.64933e-11	5.08475e-13	1	3.03973e-13	7.98896e-14
Cell_1286	0.980088	0.000652467	4.56112e-29	0.015407	0.00385219
Cell_1287	0.432464	0.0140622	0.502506	0.00726739	0.043701
Cell_1288	1.44697e-15	1	4.88889e-37	2.27668e-17	1.46218e-16
Cell_1289	9.22055e-07	7.52038e-10	2.15066e-27	0.999999	9.31749e-08
Cell_1290	0.349278	0.0107301	0.405847	0.232675	0.00146967
Cell_1291	0.565625	0.000422522	3.67459e-21	0.376796	0.0571571
Cell_1292	0.891723	0.000603539	1.21639e-26	0.0175638	0.0901098
Cell_1293	1.6624e-13	1	8.81616e-36	2.67723e-15	9.05686e-16
Cell_1294	0.221286	0.351815	0.257126	0.147412	0.0223613
Cell_1295	4.06147e-06	0.999995	1.25204e-32	6.47945e-08	4.10417e-07
Cell_1296	2.02703e-16	1	3.2818e-40	3.18523e-18	2.04835e-17
Cell_1297	6.23356e-06	0.999986	7.24315e-06	1.18077e-07	6.29909e-07
Cell_1298	1.4561e-05	0.999984	2.12814e-24	2.298e-07	1.47141e-06
Cell_1299	5.67703e-15	1	3.60216e-40	8.93682e-17	5.73671e-16
Cell_1300	0.34875	0.0120727	0.405234	0.232323	0.00162078
Cell_1301	1.39269e-12	1	6.11351e-34	2.19128e-14	5.64814e-15
Cell_1302	1.07587e-09	1	1.07135e-39	2.10156e-11	6.90478e-12
Cell_1303	0.598304	0.000440123	3.17297e-23	0.398566	0.00268987
Cell_1304	3.07503e-12	9.99892e-14	1	5.66728e-14	3.10736e-13
Cell_1305	1.976e-09	1	8.50988e-27	3.39152e-11	1.99677e-10
Cell_1306	0.952051	0.0285005	1.76232e-22	0.015753	0.00369536
Cell_1307	0.336884	0.013209	0.391446	0.224418	0.0340426
Cell_1308	0.33785	0.010379	0.392569	0.225062	0.0341402
Cell_1309	0.978248	0.00086794	1.72035e-20	0.0155545	0.00532956
Cell_1310	0.00177684	0.998184	8.54859e-20	3.09103e-05	7.98836e-06
Cell_1311	2.08846e-11	1	1.52447e-38	1.39124e-11	1.0116e-13
Cell_1312	0.349099	0.0108053	0.405639	0.232555	0.00190191
